,JPM,golden_death_ratio,golden_death_cross,rsi,rsi_signal,ema_ratio,ema_crossover_signal,momentum,momentum_signal,Bollinger_bands_%
2008-01-02,38.47,0.9543197874438996,NO_SIGNAL,28.71012482662968,BUY,0.9938081421345041,NO_SIGNAL,94.89393191909225,NO_SIGNAL,0.06096199639644741
2008-01-03,38.2,0.9527401237977877,NO_SIGNAL,25.788751714677687,BUY,0.991182534225566,NO_SIGNAL,93.996062992126,NO_SIGNAL,0.06041406245770844
2008-01-04,37.33,0.9495550363459827,NO_SIGNAL,24.071702944942388,BUY,0.987441491019828,NO_SIGNAL,94.60212873796249,NO_SIGNAL,-0.011857039303699355
2008-01-07,37.71,0.945319203757591,NO_SIGNAL,29.42708333333337,BUY,0.9853971908469263,NO_SIGNAL,96.3957055214724,NO_SIGNAL,0.10708955407406348
2008-01-08,36.21,0.9396066036831964,NO_SIGNAL,26.371061843640646,BUY,0.9808511585436913,NO_SIGNAL,91.74056245249557,NO_SIGNAL,-0.04062220606919715
2008-01-09,36.72,0.9330176674262376,NO_SIGNAL,32.51173708920189,NO_SIGNAL,0.9785115863711066,NO_SIGNAL,95.45100077982843,NO_SIGNAL,0.07282152415489047
2008-01-10,37.7,0.929046150857622,NO_SIGNAL,39.02439024390246,NO_SIGNAL,0.9789411607018685,NO_SIGNAL,98.69109947643979,NO_SIGNAL,0.2527100954875615
2008-01-11,37.27,0.9243261245479942,NO_SIGNAL,39.69795037756206,NO_SIGNAL,0.9786124426302172,NO_SIGNAL,99.83927136351461,BUY,0.2072377420327729
2008-01-14,37.73,0.9205598499097513,NO_SIGNAL,38.02660753880265,NO_SIGNAL,0.9795530914399121,NO_SIGNAL,100.05303632988596,SELL,0.30469058193578674
2008-01-15,35.73,0.9152261537950255,NO_SIGNAL,26.80810028929605,BUY,0.9763062693689517,NO_SIGNAL,98.67439933719966,BUY,0.01559267640655573
2008-01-16,37.79,0.9128188684623059,NO_SIGNAL,38.44282238442822,NO_SIGNAL,0.9783580426927581,NO_SIGNAL,102.91394335511983,SELL,0.3862392202351627
2008-01-17,36.52,0.9097662146261453,NO_SIGNAL,38.16425120772948,NO_SIGNAL,0.9775217749604292,NO_SIGNAL,96.87002652519894,NO_SIGNAL,0.19536577153359577
2008-01-18,36.11,0.9061819358384315,NO_SIGNAL,37.95036028823059,NO_SIGNAL,0.9762317014920058,NO_SIGNAL,96.88757713979071,NO_SIGNAL,0.16337901439104968
2008-01-22,37.27,0.904570588480379,NO_SIGNAL,41.7293233082707,NO_SIGNAL,0.977953121957282,NO_SIGNAL,98.780811025709,BUY,0.37581822984741703
2008-01-23,41.7,0.9069314428460185,NO_SIGNAL,59.65331739390317,NO_SIGNAL,0.9889359185945493,NO_SIGNAL,116.70864819479432,NO_SIGNAL,1.0553017247014664
2008-01-24,41.01,0.9077947956878077,NO_SIGNAL,58.19241982507287,NO_SIGNAL,0.9961324489606292,NO_SIGNAL,108.52077269118814,NO_SIGNAL,0.9349698778280305
2008-01-25,39.81,0.9072308682285088,NO_SIGNAL,57.0938215102975,NO_SIGNAL,0.9992908705141467,BUY,109.00876232201533,NO_SIGNAL,0.7705668218820744
2008-01-28,41.57,0.909985958772668,NO_SIGNAL,60.23329798515377,NO_SIGNAL,1.0053677526151232,NO_SIGNAL,115.12046524508446,NO_SIGNAL,0.9803705175480495
2008-01-29,43.28,0.9149892063219602,NO_SIGNAL,68.53696906135292,NO_SIGNAL,1.0134603491848593,NO_SIGNAL,116.12557016367052,NO_SIGNAL,1.083483070723294
2008-01-30,43.19,0.9195637997160193,NO_SIGNAL,67.34584450402144,NO_SIGNAL,1.019353415563895,NO_SIGNAL,103.57314148681054,NO_SIGNAL,0.9917378244286331
2008-01-31,43.24,0.9254072333174745,NO_SIGNAL,65.63205417607223,NO_SIGNAL,1.0237630581454016,NO_SIGNAL,105.43769812240917,NO_SIGNAL,0.9311093517588965
2008-02-01,44.01,0.9325941599257647,NO_SIGNAL,68.66002214839422,NO_SIGNAL,1.0283732724711738,NO_SIGNAL,110.5501130369254,NO_SIGNAL,0.9362311886436372
2008-02-04,42.16,0.9388253376515824,NO_SIGNAL,61.388174807197935,NO_SIGNAL,1.0280192502199765,NO_SIGNAL,101.41929275920134,SELL,0.7464555382356391
2008-02-05,40.03,0.9423506636045198,NO_SIGNAL,60.98059244126661,NO_SIGNAL,1.0232942732919363,NO_SIGNAL,92.49075785582255,NO_SIGNAL,0.5508066079879398
2008-02-06,39.88,0.9474861830907803,NO_SIGNAL,55.91397849462366,NO_SIGNAL,1.019033009210668,NO_SIGNAL,92.33618893262332,NO_SIGNAL,0.522280236837131
2008-02-07,41.15,0.9533815954236726,NO_SIGNAL,63.10130164119976,NO_SIGNAL,1.0179544896686439,NO_SIGNAL,95.16651248843662,NO_SIGNAL,0.6211191471068578
2008-02-08,39.97,0.9569021755393959,NO_SIGNAL,60.466377440347074,NO_SIGNAL,1.0146016380418763,NO_SIGNAL,90.82026812088162,NO_SIGNAL,0.4999045455211271
2008-02-11,39.54,0.960490830474908,NO_SIGNAL,56.40880858272161,NO_SIGNAL,1.010962630251767,NO_SIGNAL,93.78557874762808,NO_SIGNAL,0.44649063802481503
2008-02-12,39.51,0.9634614439150972,NO_SIGNAL,41.773102930127706,NO_SIGNAL,1.0079221585520093,NO_SIGNAL,98.70097426929802,BUY,0.4333234411060417
2008-02-13,40.23,0.9695713687424024,NO_SIGNAL,47.07646176911544,NO_SIGNAL,1.0068684518109658,NO_SIGNAL,100.87763289869606,SELL,0.48134054017648065
2008-02-14,38.87,0.971758293366388,NO_SIGNAL,46.5185185185185,NO_SIGNAL,1.0032713787828693,NO_SIGNAL,94.45929526123936,NO_SIGNAL,0.32051108900666603
2008-02-15,39.45,0.9761357775798211,NO_SIGNAL,41.3961038961039,NO_SIGNAL,1.0015599008689595,SELL,98.69902426820116,NO_SIGNAL,0.35769877865471283
2008-02-19,39.07,0.9806172447319529,NO_SIGNAL,30.846223839854403,NO_SIGNAL,0.999439765538901,NO_SIGNAL,98.81133029843197,NO_SIGNAL,0.2624243371490803
2008-02-20,39.36,0.9840178248825726,NO_SIGNAL,32.88650580875783,NO_SIGNAL,0.9983603435573909,NO_SIGNAL,99.62034927866364,NO_SIGNAL,0.2672998477833402
2008-02-21,39.29,0.9820188635574587,NO_SIGNAL,32.38180196253343,NO_SIGNAL,0.9973908977929595,NO_SIGNAL,97.66343524732787,BUY,0.2783984509920719
2008-02-22,40.07,0.9816679233901371,NO_SIGNAL,32.44206773618539,NO_SIGNAL,0.9982244981335191,NO_SIGNAL,103.08721378955494,NO_SIGNAL,0.4058718242709935
2008-02-25,40.16,0.9829428271968084,NO_SIGNAL,39.429175475687096,NO_SIGNAL,0.9990775856824508,NO_SIGNAL,101.79974651457539,NO_SIGNAL,0.41657631619918856
2008-02-26,39.88,0.9816607775559628,NO_SIGNAL,49.01445466491459,NO_SIGNAL,0.9991957867376171,BUY,102.07320194522653,NO_SIGNAL,0.3862045055906947
2008-02-27,40.51,0.9790114230293885,NO_SIGNAL,53.89369592088997,NO_SIGNAL,1.0005567794000227,SELL,102.92174796747969,SELL,0.5052749558997935
2008-02-28,38.71,0.9744681572143733,NO_SIGNAL,35.84686774941994,NO_SIGNAL,0.9980160790818526,NO_SIGNAL,98.52379740391957,NO_SIGNAL,0.22374464052825396
2008-02-29,37.08,0.9680937303471268,NO_SIGNAL,34.06835722160969,NO_SIGNAL,0.9927465389043891,NO_SIGNAL,92.53805839780384,NO_SIGNAL,-0.0178524601549945
2008-03-03,36.32,0.9600353321733899,NO_SIGNAL,32.8723404255319,NO_SIGNAL,0.9870992228894422,NO_SIGNAL,90.4382470119522,NO_SIGNAL,-0.1442851576100022
2008-03-04,35.75,0.9535340035841205,NO_SIGNAL,31.08651911468813,NO_SIGNAL,0.981576715573421,NO_SIGNAL,89.64393179538615,NO_SIGNAL,-0.13593997463925242
2008-03-05,35.34,0.9491527898259348,NO_SIGNAL,24.610591900311533,BUY,0.9765254989850407,NO_SIGNAL,87.23771908170824,NO_SIGNAL,-0.06914697708228759
2008-03-06,34.09,0.9435652106099452,NO_SIGNAL,24.89495798319328,BUY,0.9701015875034426,NO_SIGNAL,88.06509945750453,NO_SIGNAL,-0.09831539485094004
2008-03-07,34.26,0.9365710073758047,NO_SIGNAL,21.514818880351157,BUY,0.9656501447493889,NO_SIGNAL,92.39482200647248,NO_SIGNAL,0.0068803363659546675
2008-03-10,33.28,0.9298809368113164,NO_SIGNAL,20.185375901132772,BUY,0.9603215819566974,NO_SIGNAL,91.62995594713657,NO_SIGNAL,-0.009055938185620307
2008-03-11,35.43,0.9260435521711833,NO_SIGNAL,33.016421780466686,NO_SIGNAL,0.961211289555436,NO_SIGNAL,99.1048951048951,NO_SIGNAL,0.24740162514579536
2008-03-12,35.22,0.9220051102001801,NO_SIGNAL,32.62169086251063,NO_SIGNAL,0.9618697519018845,NO_SIGNAL,99.660441426146,BUY,0.25142884448745295
2008-03-13,34.76,0.9165777986670414,NO_SIGNAL,26.69007901668124,BUY,0.9617819250586765,NO_SIGNAL,101.96538574361982,SELL,0.23192492569881326
2008-03-14,33.33,0.9112329595527907,NO_SIGNAL,23.173605655930828,BUY,0.9589265362500952,NO_SIGNAL,97.28546409807356,BUY,0.13223377474607384
2008-03-17,36.77,0.908984634089016,NO_SIGNAL,40.21397105097545,NO_SIGNAL,0.9648021072421299,NO_SIGNAL,110.48677884615385,NO_SIGNAL,0.4834590117668288
2008-03-18,38.96,0.9096585870529117,NO_SIGNAL,45.55873925501433,NO_SIGNAL,0.9746488400106431,NO_SIGNAL,109.96330793113181,NO_SIGNAL,0.7052999601093911
2008-03-19,38.74,0.9096971908422541,NO_SIGNAL,50.0945179584121,NO_SIGNAL,0.9821274025503473,NO_SIGNAL,109.99432140829074,NO_SIGNAL,0.6883586175353521
2008-03-20,41.93,0.9133637052037522,NO_SIGNAL,63.91279403327598,NO_SIGNAL,0.9950086265895147,BUY,120.62715765247411,NO_SIGNAL,0.963263643176948
2008-03-24,42.46,0.9165984031266345,NO_SIGNAL,67.84883720930233,NO_SIGNAL,1.006094267569235,NO_SIGNAL,127.3927392739274,NO_SIGNAL,0.9681393984884173
2008-03-25,42.01,0.9191449137472526,NO_SIGNAL,68.32552693208432,NO_SIGNAL,1.01361816339243,NO_SIGNAL,114.2507478923035,NO_SIGNAL,0.9018272195187598
2008-03-26,40.24,0.9201137439821999,NO_SIGNAL,63.28633405639914,NO_SIGNAL,1.0156420383619829,NO_SIGNAL,103.28542094455852,NO_SIGNAL,0.7496524484004625
2008-03-27,39.1,0.9190286552388389,NO_SIGNAL,63.66612111292962,NO_SIGNAL,1.014701243054836,NO_SIGNAL,100.92927207021167,SELL,0.6636255485800145
2008-03-28,38.96,0.9199013371413733,NO_SIGNAL,62.84153005464482,NO_SIGNAL,1.0135093640342228,NO_SIGNAL,92.91676603863583,NO_SIGNAL,0.6501884181806267
2008-03-31,39.18,0.9231345970402977,NO_SIGNAL,66.81870011402508,NO_SIGNAL,1.0128718662285638,NO_SIGNAL,92.27508243052284,BUY,0.65823220479555
2008-04-01,42.87,0.9314585689782765,NO_SIGNAL,69.49685534591194,NO_SIGNAL,1.0197154625290537,NO_SIGNAL,102.04713163532493,NO_SIGNAL,0.9093254818492923
2008-04-02,42.52,0.9401251271944917,NO_SIGNAL,68.99063475546308,NO_SIGNAL,1.0240491217931766,NO_SIGNAL,105.66600397614314,NO_SIGNAL,0.8400725599721969
2008-04-03,42.56,0.9493354268152246,NO_SIGNAL,70.74468085106386,SELL,1.0271823258311725,NO_SIGNAL,108.84910485933503,NO_SIGNAL,0.8078353553390695
2008-04-04,41.91,0.9594165879014086,NO_SIGNAL,73.80688124306326,SELL,1.0279989607724207,NO_SIGNAL,107.57186858316221,NO_SIGNAL,0.7364248438708816
2008-04-07,41.88,0.9691129402988958,NO_SIGNAL,67.48802190280631,NO_SIGNAL,1.028237796566755,NO_SIGNAL,106.89127105666157,SELL,0.712361321480267
2008-04-08,41.25,0.9793659805187882,NO_SIGNAL,58.77394636015326,NO_SIGNAL,1.0268572495994226,NO_SIGNAL,96.22113365990204,NO_SIGNAL,0.6458476854378554
2008-04-09,40.74,0.986268450916594,NO_SIGNAL,57.49625187406298,NO_SIGNAL,1.02447028379144,NO_SIGNAL,95.81373471307619,NO_SIGNAL,0.5853034908979627
2008-04-10,40.33,0.9929384154910795,NO_SIGNAL,42.424242424242415,NO_SIGNAL,1.0215200898444932,NO_SIGNAL,94.76033834586465,NO_SIGNAL,0.5289269211790887
2008-04-11,39.11,0.9988470784172832,BUY,35.1111111111111,NO_SIGNAL,1.0165674774158662,NO_SIGNAL,93.31901694106419,NO_SIGNAL,0.3790942222907678
2008-04-14,38.16,1.005547600448577,NO_SIGNAL,33.61702127659572,NO_SIGNAL,1.0106060794075322,NO_SIGNAL,91.11747851002863,NO_SIGNAL,0.17188968273257174
2008-04-15,38.73,1.008587984277937,NO_SIGNAL,42.84360189573457,NO_SIGNAL,1.0069299120894741,NO_SIGNAL,93.89090909090908,BUY,0.2107020724049942
2008-04-16,41.34,1.0117692974093624,NO_SIGNAL,59.31780366056574,NO_SIGNAL,1.0091735748906354,NO_SIGNAL,101.47275405007363,NO_SIGNAL,0.6023065606330648
2008-04-17,41.49,1.015471338735786,NO_SIGNAL,60.515378221113885,NO_SIGNAL,1.011109407053155,NO_SIGNAL,102.87627076617902,NO_SIGNAL,0.6086147726501588
2008-04-18,42.08,1.015931919677556,NO_SIGNAL,61.69354838709677,NO_SIGNAL,1.013646262828835,NO_SIGNAL,107.593965737663,NO_SIGNAL,0.7048915102753213
2008-04-21,41.59,1.0151239221188917,NO_SIGNAL,43.0434782608696,NO_SIGNAL,1.0144975811173917,NO_SIGNAL,108.98846960167717,NO_SIGNAL,0.6340466898561307
2008-04-22,41.98,1.0153316295424402,NO_SIGNAL,47.07792207792205,NO_SIGNAL,1.015751192914223,NO_SIGNAL,108.39142783372063,NO_SIGNAL,0.7008625611364605
2008-04-23,41.52,1.0172077752360376,NO_SIGNAL,44.616977225672876,NO_SIGNAL,1.0156469792790803,NO_SIGNAL,100.4354136429608,NO_SIGNAL,0.6114265869417198
2008-04-24,43.19,1.022224379365103,NO_SIGNAL,55.992509363295895,NO_SIGNAL,1.0186153765119368,NO_SIGNAL,104.09737286093032,NO_SIGNAL,0.8545067613492183
2008-04-25,43.95,1.028334639937283,NO_SIGNAL,59.07099035933392,NO_SIGNAL,1.0221489180640222,NO_SIGNAL,104.4439163498099,NO_SIGNAL,0.9269712167420654
2008-04-28,43.53,1.0338622139309364,NO_SIGNAL,60.178571428571445,NO_SIGNAL,1.0238182795294881,NO_SIGNAL,104.66458283241163,NO_SIGNAL,0.825809453214588
2008-04-29,43.29,1.034590924876861,NO_SIGNAL,61.665141811527896,NO_SIGNAL,1.0243740842103037,NO_SIGNAL,103.12053358742259,NO_SIGNAL,0.7791388300483141
2008-04-30,43.82,1.036321354855255,NO_SIGNAL,65.79185520361993,NO_SIGNAL,1.0255130707961506,NO_SIGNAL,105.53949903660886,NO_SIGNAL,0.8391578668827886
2008-05-01,45.29,1.039652644132021,NO_SIGNAL,77.34513274336285,SELL,1.0288345897665054,NO_SIGNAL,104.86223662884927,NO_SIGNAL,0.9884702344415649
2008-05-02,44.75,1.0430697881672903,NO_SIGNAL,80.25711662075304,SELL,1.030050559459622,NO_SIGNAL,101.8202502844141,NO_SIGNAL,0.8695679815544591
2008-05-05,44.14,1.045813782717463,NO_SIGNAL,74.74839890210436,SELL,1.0295067923655834,NO_SIGNAL,101.40133241442683,NO_SIGNAL,0.7669311848292235
2008-05-06,44.32,1.0494178956642064,NO_SIGNAL,67.52941176470591,NO_SIGNAL,1.0290633193041376,NO_SIGNAL,102.37930237930237,SELL,0.7629216928420964
2008-05-07,42.83,1.0519478903557342,NO_SIGNAL,56.80894308943089,NO_SIGNAL,1.0256368008849375,NO_SIGNAL,97.74075764491099,NO_SIGNAL,0.5689497818988959
2008-05-08,42.35,1.054240923148118,NO_SIGNAL,51.38746145940392,NO_SIGNAL,1.0217758316288041,NO_SIGNAL,93.50850077279753,NO_SIGNAL,0.4970825616060757
2008-05-09,42.83,1.0585749445640427,NO_SIGNAL,56.378600823045254,NO_SIGNAL,1.0193916064087283,NO_SIGNAL,95.70949720670392,NO_SIGNAL,0.5373026504740096
2008-05-12,43.44,1.0646250766031342,NO_SIGNAL,57.34406438631792,NO_SIGNAL,1.0184320655078254,NO_SIGNAL,98.41413683733575,NO_SIGNAL,0.6028865111235364
2008-05-13,41.82,1.0681806319483622,NO_SIGNAL,51.35135135135135,NO_SIGNAL,1.0144686968905325,NO_SIGNAL,94.35920577617328,NO_SIGNAL,0.25488817520412527
2008-05-14,42.22,1.0689979053142402,NO_SIGNAL,45.06612410986775,NO_SIGNAL,1.0119395340743835,NO_SIGNAL,98.5757646509456,BUY,0.32294809639686345
2008-05-15,43.24,1.0706706189593318,NO_SIGNAL,46.481665014866195,NO_SIGNAL,1.0117212606292063,NO_SIGNAL,102.10153482880754,SELL,0.5305153950513366
2008-05-16,42.79,1.0711559158805763,NO_SIGNAL,46.343873517786555,NO_SIGNAL,1.0105783792077268,NO_SIGNAL,99.90660751809479,NO_SIGNAL,0.41550401709408186
2008-05-19,42.29,1.0717188777846585,NO_SIGNAL,45.18304431599229,NO_SIGNAL,1.0086313279336805,NO_SIGNAL,97.35267034990792,NO_SIGNAL,0.27873722341509266
2008-05-20,40.19,1.069359463856072,NO_SIGNAL,34.81171548117153,NO_SIGNAL,1.003070686859087,SELL,96.10234337637493,NO_SIGNAL,-0.11354928744359072
2008-05-21,39.01,1.0664368209809894,NO_SIGNAL,23.07032590051456,BUY,0.9964054076684805,NO_SIGNAL,92.39696826148744,NO_SIGNAL,-0.1780140547755751
2008-05-22,39.59,1.0621113386706387,NO_SIGNAL,27.94871794871797,BUY,0.9922776820968293,NO_SIGNAL,91.55874190564293,NO_SIGNAL,0.012948203739738085
2008-05-23,38.92,1.0562350224120591,NO_SIGNAL,27.806122448979607,BUY,0.9878036325830379,NO_SIGNAL,90.95583080158917,NO_SIGNAL,0.0055119177983461165
2008-05-27,39.55,1.0513023319919093,NO_SIGNAL,30.46683046683046,NO_SIGNAL,0.9856223964632972,NO_SIGNAL,93.5209269330811,NO_SIGNAL,0.13870011137562824
2008-05-28,39.41,1.0465210129945923,NO_SIGNAL,34.254143646408835,NO_SIGNAL,0.9837836632219142,NO_SIGNAL,98.05921871112217,BUY,0.16183022529561092
2008-05-29,40.07,1.04176625350287,NO_SIGNAL,39.67391304347826,NO_SIGNAL,0.9838069805843113,NO_SIGNAL,102.7172519866701,SELL,0.267947198124137
2008-05-30,39.54,1.0345371275051805,NO_SIGNAL,35.16681695220922,NO_SIGNAL,0.982961358203314,NO_SIGNAL,99.8737054811821,NO_SIGNAL,0.22552554089108792
2008-06-02,38.76,1.02707635009311,NO_SIGNAL,29.21847246891653,BUY,0.9809375614286551,NO_SIGNAL,99.58890030832475,NO_SIGNAL,0.15645933044689161
2008-06-03,38.52,1.0203856078800508,NO_SIGNAL,33.299595141700436,NO_SIGNAL,0.9790667665522601,NO_SIGNAL,97.39570164348928,NO_SIGNAL,0.15890569535669047
2008-06-04,38.28,1.0133733224332389,NO_SIGNAL,29.732510288065882,BUY,0.9773333944181773,NO_SIGNAL,97.13270743466127,NO_SIGNAL,0.155600858572567
2008-06-05,38.71,1.0086292719121737,NO_SIGNAL,25.191675794085455,BUY,0.977075194052654,NO_SIGNAL,96.60593960569004,NO_SIGNAL,0.24158712913038397
2008-06-06,36.87,1.00238767363486,SELL,21.863117870722462,BUY,0.9733911142191405,NO_SIGNAL,93.247344461305,NO_SIGNAL,0.05622470908654623
2008-06-09,34.49,0.9928521021142495,NO_SIGNAL,18.54838709677422,BUY,0.9658421648158705,NO_SIGNAL,88.98348813209496,NO_SIGNAL,-0.10335180793345536
2008-06-10,35.21,0.9833125331619498,NO_SIGNAL,27.404718693284963,BUY,0.9616581232324507,NO_SIGNAL,91.40706126687435,NO_SIGNAL,0.03719462235545351
2008-06-11,34.14,0.9746051652328492,NO_SIGNAL,27.681026581118246,BUY,0.9564480704009691,NO_SIGNAL,89.18495297805642,NO_SIGNAL,0.009220533868842307
2008-06-12,34.95,0.9661842377731595,NO_SIGNAL,29.174147217235188,BUY,0.9544668294188752,NO_SIGNAL,90.28674761043658,NO_SIGNAL,0.13264812250989633
2008-06-13,36.4,0.957975559263109,NO_SIGNAL,39.42953020134226,NO_SIGNAL,0.9564932233543796,NO_SIGNAL,98.72525088147546,BUY,0.29210288047787814
2008-06-16,36.73,0.9507516084495717,NO_SIGNAL,37.8657487091222,NO_SIGNAL,0.9592762644433436,NO_SIGNAL,106.49463612641344,NO_SIGNAL,0.34449399785850654
2008-06-17,35.9,0.9431916955570431,NO_SIGNAL,35.743298131600326,NO_SIGNAL,0.9601234978131789,NO_SIGNAL,101.95967054813973,NO_SIGNAL,0.2652358563050788
2008-06-18,35.63,0.9380005947784451,NO_SIGNAL,31.375838926174495,NO_SIGNAL,0.9606355821349741,NO_SIGNAL,104.3643819566491,NO_SIGNAL,0.2560064610063567
2008-06-19,35.54,0.9342589107877202,NO_SIGNAL,32.57839721254355,NO_SIGNAL,0.9612664469143636,NO_SIGNAL,101.68812589413447,SELL,0.26861154786427616
2008-06-20,34.82,0.9288522961708177,NO_SIGNAL,32.74956217162871,NO_SIGNAL,0.9606016778762224,NO_SIGNAL,95.65934065934066,NO_SIGNAL,0.2080979689802567
2008-06-23,33.91,0.9232473849274165,NO_SIGNAL,30.934656741108327,NO_SIGNAL,0.9584778558247931,NO_SIGNAL,92.32235230057174,NO_SIGNAL,0.1384676259329315
2008-06-24,34.69,0.917661383362917,NO_SIGNAL,35.78780680918446,NO_SIGNAL,0.9589638294901278,NO_SIGNAL,96.62952646239555,NO_SIGNAL,0.25782456914886315
2008-06-25,34.86,0.9124807137208012,NO_SIGNAL,34.43815683104283,NO_SIGNAL,0.9601676309022136,NO_SIGNAL,97.83889980353634,NO_SIGNAL,0.29991971974911374
2008-06-26,33.4,0.9048635711346827,NO_SIGNAL,35.529608006672234,NO_SIGNAL,0.9582637748216342,NO_SIGNAL,93.9786156443444,NO_SIGNAL,0.13596676252709625
2008-06-27,32.23,0.8965553610756052,NO_SIGNAL,39.51762523191093,NO_SIGNAL,0.9545197772573539,NO_SIGNAL,92.56174612291785,NO_SIGNAL,0.026163213554595725
2008-06-30,31.55,0.8885455649403953,NO_SIGNAL,32.960893854748605,NO_SIGNAL,0.9504246526738912,NO_SIGNAL,93.04040106163374,NO_SIGNAL,0.0027708884828570595
2008-07-01,31.63,0.8809052454852881,NO_SIGNAL,37.12820512820512,NO_SIGNAL,0.9478409690464926,NO_SIGNAL,91.17901412510811,NO_SIGNAL,0.06253630984067403
2008-07-02,32.17,0.8741451688496255,NO_SIGNAL,35.337552742616026,NO_SIGNAL,0.9475879687814895,NO_SIGNAL,92.28341939185314,NO_SIGNAL,0.16098620208002895
2008-07-03,32.83,0.8678369861665811,NO_SIGNAL,29.459148446490218,BUY,0.949498727521035,NO_SIGNAL,98.2934131736527,NO_SIGNAL,0.2614677698324543
2008-07-07,31.65,0.8624509863368098,NO_SIGNAL,23.375262054507346,BUY,0.9487384683994007,NO_SIGNAL,98.20043437790879,BUY,0.12188949153665189
2008-07-08,33.26,0.8618618238842588,NO_SIGNAL,37.2093023255814,NO_SIGNAL,0.9525268983348489,NO_SIGNAL,105.41996830427891,NO_SIGNAL,0.37674606240874925
2008-07-09,31.88,0.8587789401170839,NO_SIGNAL,33.595800524934376,NO_SIGNAL,0.9527256818633186,NO_SIGNAL,100.7903888713247,SELL,0.20165546372549367
2008-07-10,32.09,0.8572109581816152,NO_SIGNAL,35.064935064935085,NO_SIGNAL,0.9538895868654519,NO_SIGNAL,99.75132110662108,NO_SIGNAL,0.2543342868987954
2008-07-11,30.84,0.8531369454851064,NO_SIGNAL,33.52649006622518,NO_SIGNAL,0.9522645558599797,NO_SIGNAL,93.93847091075237,NO_SIGNAL,0.12568050702409628
2008-07-14,29.47,0.8456176843796965,NO_SIGNAL,32.29665071770336,NO_SIGNAL,0.9480903626442108,NO_SIGNAL,93.11216429699843,NO_SIGNAL,0.012023256541520703
2008-07-15,28.85,0.8369394403254028,NO_SIGNAL,26.413570274636527,BUY,0.9437214886428593,NO_SIGNAL,86.74082982561636,BUY,-0.002526451397649481
2008-07-16,33.42,0.8345974500110903,NO_SIGNAL,45.70917759237187,NO_SIGNAL,0.9522791942032018,NO_SIGNAL,104.83061480552071,NO_SIGNAL,0.591486697508087
2008-07-17,37.94,0.8379747190617154,NO_SIGNAL,61.44153225806451,NO_SIGNAL,0.9706004778540711,NO_SIGNAL,118.22997818635086,NO_SIGNAL,1.1020899933054706
2008-07-18,37.21,0.8406503650007656,NO_SIGNAL,62.83505154639177,NO_SIGNAL,0.9833240085853174,NO_SIGNAL,120.65499351491569,NO_SIGNAL,0.9743593232370745
2008-07-21,35.94,0.8427853223383709,NO_SIGNAL,60.98049024512256,NO_SIGNAL,0.9903749478050643,BUY,121.95453003053953,NO_SIGNAL,0.8184097644897715
2008-07-22,38.0,0.848521021635107,NO_SIGNAL,64.49704142011834,NO_SIGNAL,1.00075623429397,NO_SIGNAL,131.7157712305026,NO_SIGNAL,0.9677785070027183
2008-07-23,39.02,0.8544918877999877,NO_SIGNAL,65.25612472160356,NO_SIGNAL,1.011071685988828,NO_SIGNAL,116.75643327348892,SELL,0.9892472424523625
2008-07-24,36.4,0.8571735719532826,NO_SIGNAL,57.31257681278164,NO_SIGNAL,1.0129837961139456,NO_SIGNAL,95.9409594095941,NO_SIGNAL,0.7486653966679722
2008-07-25,36.75,0.8621515556716822,NO_SIGNAL,60.81424936386768,NO_SIGNAL,1.0151042351101156,NO_SIGNAL,98.7637731792529,NO_SIGNAL,0.7564436652187022
2008-07-28,35.02,0.8665463272548256,NO_SIGNAL,53.713080168776386,NO_SIGNAL,1.0126971138752532,NO_SIGNAL,97.44017807456873,NO_SIGNAL,0.6016329181730796
2008-07-29,37.89,0.8751568140012775,NO_SIGNAL,61.92933703850734,NO_SIGNAL,1.0170943088216644,NO_SIGNAL,99.71052631578947,NO_SIGNAL,0.8051370202668275
2008-07-30,38.66,0.8845919883780918,NO_SIGNAL,62.757281553398045,NO_SIGNAL,1.0219888417045275,NO_SIGNAL,99.07739620707328,BUY,0.8282606433682891
2008-07-31,37.78,0.8922564110465684,NO_SIGNAL,63.672182821119,NO_SIGNAL,1.0235799450915302,NO_SIGNAL,103.7912087912088,NO_SIGNAL,0.7349592804139271
2008-08-01,37.9,0.8990999623646315,NO_SIGNAL,67.46788230418568,NO_SIGNAL,1.0247929826378828,NO_SIGNAL,103.12925170068026,NO_SIGNAL,0.7218416556128545
2008-08-04,37.33,0.9069317009033971,NO_SIGNAL,67.60797342192691,NO_SIGNAL,1.0242028881275702,NO_SIGNAL,106.59623072529982,NO_SIGNAL,0.6594743979462229
2008-08-05,38.95,0.9145444634151357,NO_SIGNAL,63.08566019876953,NO_SIGNAL,1.0269518910475648,NO_SIGNAL,102.79757191871207,SELL,0.7584324449204979
2008-08-06,38.49,0.9233062323652945,NO_SIGNAL,51.61101347393089,NO_SIGNAL,1.027769064219405,NO_SIGNAL,99.56026901189861,NO_SIGNAL,0.701662233528105
2008-08-07,37.02,0.9301248349815873,NO_SIGNAL,49.46659180235823,NO_SIGNAL,1.0249322966385928,NO_SIGNAL,97.98835362625728,BUY,0.5707978482088415
2008-08-08,38.19,0.9399872047535498,NO_SIGNAL,56.35234330886505,NO_SIGNAL,1.0249285705172002,NO_SIGNAL,100.76517150395779,NO_SIGNAL,0.6468432778470825
2008-08-11,38.95,0.9525446776947624,NO_SIGNAL,52.894576477757475,NO_SIGNAL,1.0262433532431272,NO_SIGNAL,104.33967318510582,SELL,0.7069304528407333
2008-08-12,35.26,0.9615890216052088,NO_SIGNAL,40.146750524109,NO_SIGNAL,1.0191074863982803,NO_SIGNAL,90.52631578947367,NO_SIGNAL,0.15499189462954358
2008-08-13,34.32,0.9638010158990655,NO_SIGNAL,44.02298850574712,NO_SIGNAL,1.0112419612076957,NO_SIGNAL,89.16601714731098,NO_SIGNAL,-0.05406569865118433
2008-08-14,35.16,0.9610872279896121,NO_SIGNAL,45.5561766349916,NO_SIGNAL,1.0067384753903286,NO_SIGNAL,94.97568881685574,NO_SIGNAL,0.14467735596779815
2008-08-15,35.4,0.9595800972724677,NO_SIGNAL,51.158536585365844,NO_SIGNAL,1.0036442391938234,SELL,92.6944226237235,NO_SIGNAL,0.21299555697315617
2008-08-18,34.16,0.9583124695129446,NO_SIGNAL,37.37305348679755,NO_SIGNAL,0.9984343731748814,NO_SIGNAL,87.70218228498074,NO_SIGNAL,0.05705206006582293
2008-08-19,33.09,0.952820035976487,NO_SIGNAL,31.519575315195766,NO_SIGNAL,0.9919445905603995,NO_SIGNAL,93.84571752694274,BUY,-0.0061986596000458355
2008-08-20,34.41,0.9474154799082558,NO_SIGNAL,39.136041263700825,NO_SIGNAL,0.9898623888041249,NO_SIGNAL,100.26223776223775,SELL,0.20516856042761025
2008-08-21,33.72,0.9445485370486828,NO_SIGNAL,37.00248756218905,NO_SIGNAL,0.9867711351348911,NO_SIGNAL,95.90443686006826,NO_SIGNAL,0.14951918919057489
2008-08-22,35.03,0.9429124893445037,NO_SIGNAL,43.16290130796672,NO_SIGNAL,0.9874515098807651,NO_SIGNAL,98.954802259887,NO_SIGNAL,0.3325481501873565
2008-08-25,33.6,0.9416308567125814,NO_SIGNAL,33.914612146722774,NO_SIGNAL,0.9848722174066298,NO_SIGNAL,98.36065573770493,BUY,0.17099268183506142
2008-08-26,34.04,0.9371789026280135,NO_SIGNAL,36.60445514750149,NO_SIGNAL,0.984008361249123,NO_SIGNAL,102.87095799335144,NO_SIGNAL,0.25155725189133693
2008-08-27,34.54,0.9322775128695988,NO_SIGNAL,42.07161125319691,NO_SIGNAL,0.9846518195962443,NO_SIGNAL,100.3777971519907,NO_SIGNAL,0.33226634342893646
2008-08-28,36.15,0.9304227208731838,NO_SIGNAL,43.656716417910445,NO_SIGNAL,0.9890128791448298,NO_SIGNAL,107.20640569395017,NO_SIGNAL,0.5472686227144421
2008-08-29,35.79,0.9282758602747103,NO_SIGNAL,39.923469387755084,NO_SIGNAL,0.9917279899815614,NO_SIGNAL,102.16956894090778,NO_SIGNAL,0.5147640051865409
2008-09-02,36.26,0.9274353100432133,NO_SIGNAL,54.01284109149278,NO_SIGNAL,0.9950105633192087,NO_SIGNAL,107.91666666666666,NO_SIGNAL,0.5866482573805312
2008-09-03,36.93,0.925098660611403,NO_SIGNAL,60.705496308449554,NO_SIGNAL,0.9991380765367694,NO_SIGNAL,108.49001175088131,NO_SIGNAL,0.708421776465747
2008-09-04,35.25,0.9213251596397393,NO_SIGNAL,50.345356868764405,NO_SIGNAL,0.9985987624321246,BUY,102.05558772437753,NO_SIGNAL,0.4814980324007409
2008-09-05,36.82,0.9211354247681431,NO_SIGNAL,54.944289693593326,NO_SIGNAL,1.0017132714240626,NO_SIGNAL,101.85338865836793,NO_SIGNAL,0.7407468362320812
2008-09-08,38.64,0.9216016006106496,NO_SIGNAL,64.99330655957165,NO_SIGNAL,1.0081554079648798,NO_SIGNAL,107.9631181894384,NO_SIGNAL,1.019881890957046
2008-09-09,36.7,0.9186803682172311,NO_SIGNAL,61.416824794433914,NO_SIGNAL,1.0087853202071284,NO_SIGNAL,101.21345835631553,SELL,0.7626002684090463
2008-09-10,36.64,0.9206326458824601,NO_SIGNAL,57.663230240549844,NO_SIGNAL,1.009043060304707,NO_SIGNAL,99.21473057135121,BUY,0.7331868544001573
2008-09-11,38.73,0.9261186399838497,NO_SIGNAL,65.70532915360502,NO_SIGNAL,1.013710082249906,NO_SIGNAL,109.87234042553192,NO_SIGNAL,1.0056395733765597
2008-09-12,38.28,0.9301834891063112,NO_SIGNAL,60.7687210072896,NO_SIGNAL,1.0161879717579472,NO_SIGNAL,103.96523628462792,SELL,0.8824125451873316
2008-09-15,34.41,0.9295405669599217,NO_SIGNAL,52.310325156873915,NO_SIGNAL,1.0095295198526468,NO_SIGNAL,89.0527950310559,BUY,0.31676334300896625
2008-09-16,37.88,0.9345827287766381,NO_SIGNAL,59.33852140077822,NO_SIGNAL,1.011763845196921,NO_SIGNAL,103.21525885558583,SELL,0.7931196956660309
2008-09-17,33.26,0.9357790502837039,NO_SIGNAL,47.40680713128039,NO_SIGNAL,1.003276181150262,NO_SIGNAL,90.77510917030567,NO_SIGNAL,0.12326418999390923
2008-09-18,37.47,0.9401906910494273,NO_SIGNAL,52.41935483870968,NO_SIGNAL,1.0058221711236213,NO_SIGNAL,96.74670797831139,BUY,0.7123670454022146
2008-09-19,43.75,0.9528090884653428,NO_SIGNAL,61.98795180722891,NO_SIGNAL,1.0212728304655552,NO_SIGNAL,114.2894461859979,NO_SIGNAL,1.2662820749707178
2008-09-22,37.94,0.9569385485361612,NO_SIGNAL,52.17955371043072,NO_SIGNAL,1.0205427648896157,NO_SIGNAL,110.25864574251672,SELL,0.6364429634778211
2008-09-23,37.72,0.9628269393021986,NO_SIGNAL,51.03701758991862,NO_SIGNAL,1.0192659271879199,NO_SIGNAL,99.57761351636746,BUY,0.5954248405070373
2008-09-24,37.66,0.9680618769282636,NO_SIGNAL,53.304085549766924,NO_SIGNAL,1.0179175674821679,NO_SIGNAL,113.2291040288635,NO_SIGNAL,0.5717094043946397
2008-09-25,40.41,0.9760474971699867,NO_SIGNAL,54.76759628154049,NO_SIGNAL,1.0224604974789768,NO_SIGNAL,107.84627702161728,NO_SIGNAL,0.849686626985252
2008-09-26,44.86,0.9870045704818473,NO_SIGNAL,57.720953326713,NO_SIGNAL,1.0348690000743934,NO_SIGNAL,102.53714285714285,NO_SIGNAL,1.145432544281086
2008-09-29,38.13,0.9905279312301141,NO_SIGNAL,51.58642112269802,NO_SIGNAL,1.0302256164066717,NO_SIGNAL,100.50079072219296,NO_SIGNAL,0.5224418909308431
2008-09-30,43.43,0.9996327714256964,BUY,56.74816139932418,NO_SIGNAL,1.037037351450236,NO_SIGNAL,115.13785790031814,NO_SIGNAL,0.9401797864186066
2008-10-01,46.15,1.010984447297246,NO_SIGNAL,57.283078131134666,NO_SIGNAL,1.047162510297091,NO_SIGNAL,122.54381306425917,NO_SIGNAL,1.0453388545732993
2008-10-02,46.71,1.0250872953322443,NO_SIGNAL,58.25661116552399,NO_SIGNAL,1.0553138902063868,NO_SIGNAL,115.5902004454343,SELL,0.995746994258641
2008-10-03,43.01,1.0327183560607542,NO_SIGNAL,58.45125786163522,NO_SIGNAL,1.0537609465216382,NO_SIGNAL,95.87605884975478,BUY,0.7257376090127566
2008-10-06,41.23,1.0358992281320378,NO_SIGNAL,53.405163651148605,NO_SIGNAL,1.048502088189826,NO_SIGNAL,108.13008130081299,SELL,0.5994722910596751
2008-10-07,36.85,1.0364097426585688,NO_SIGNAL,53.667007150153225,NO_SIGNAL,1.035361178169772,NO_SIGNAL,84.84918259267788,NO_SIGNAL,0.31042362160983317
2008-10-08,36.83,1.0370715462050208,NO_SIGNAL,49.28507596067918,NO_SIGNAL,1.02453944562567,NO_SIGNAL,79.80498374864572,NO_SIGNAL,0.3080789580859366
2008-10-09,34.37,1.0322129857578508,NO_SIGNAL,38.54421104054713,NO_SIGNAL,1.0107538868046637,NO_SIGNAL,73.58167415970883,NO_SIGNAL,0.17559744206734973
2008-10-10,39.02,1.0333980820955084,NO_SIGNAL,51.357466063348426,NO_SIGNAL,1.0091618345713984,NO_SIGNAL,90.72308765403396,NO_SIGNAL,0.46624096230129464
2008-10-13,39.35,1.0398661288131341,NO_SIGNAL,52.04311857608423,NO_SIGNAL,1.0084799504059692,NO_SIGNAL,95.44021343681787,BUY,0.47005913591749426
2008-10-14,38.15,1.0403506594461827,NO_SIGNAL,50.59712405556909,NO_SIGNAL,1.0054094845642203,SELL,103.52781546811396,SELL,0.38938834015390644
2008-10-15,36.07,1.0444858347220862,NO_SIGNAL,44.62338949454906,NO_SIGNAL,0.9986643511824421,NO_SIGNAL,97.93646483844692,BUY,0.22653399290706974
2008-10-16,37.94,1.045172557129076,NO_SIGNAL,40.841715193223926,NO_SIGNAL,0.9972179215716623,NO_SIGNAL,110.38696537678207,SELL,0.35585205384239915
2008-10-17,36.85,1.0363360862454194,NO_SIGNAL,48.00871188550093,NO_SIGNAL,0.9938484983813837,NO_SIGNAL,94.43874935930292,NO_SIGNAL,0.3003012247772425
2008-10-20,38.1,1.0364409305535947,NO_SIGNAL,40.512637949448205,NO_SIGNAL,0.9938681225658997,NO_SIGNAL,96.82337992376112,NO_SIGNAL,0.38926670067601626
2008-10-21,37.24,1.035877095161959,NO_SIGNAL,33.015630956919566,NO_SIGNAL,0.9921569581253359,NO_SIGNAL,97.61467889908258,NO_SIGNAL,0.32999251207990155
2008-10-22,34.83,1.0323635978498362,NO_SIGNAL,28.84615384615384,BUY,0.985815156452425,NO_SIGNAL,96.56224008871638,NO_SIGNAL,0.18041927177634973
2008-10-23,35.47,1.026071922725834,NO_SIGNAL,34.93205435651478,NO_SIGNAL,0.9822969413823566,NO_SIGNAL,93.48972061149183,NO_SIGNAL,0.24832944568708723
2008-10-24,33.2,1.0114184170718812,NO_SIGNAL,34.26107408859272,NO_SIGNAL,0.9747954300711348,NO_SIGNAL,90.09497964721845,NO_SIGNAL,0.13391235470279594
2008-10-27,31.86,1.003924505966637,SELL,38.89630618602582,NO_SIGNAL,0.9661091380343485,NO_SIGNAL,83.62204724409449,NO_SIGNAL,0.09720145942656028
2008-10-28,35.23,0.9935120308404494,NO_SIGNAL,46.90162664601084,NO_SIGNAL,0.9670191712803065,NO_SIGNAL,94.60257787325456,NO_SIGNAL,0.3267609493352039
2008-10-29,33.46,0.9771798748928832,NO_SIGNAL,48.18941504178274,NO_SIGNAL,0.9641423480527525,NO_SIGNAL,96.06660924490382,NO_SIGNAL,0.22558416422319602
2008-10-30,35.25,0.9624842056697058,NO_SIGNAL,41.535698248765144,NO_SIGNAL,0.9662635356900792,NO_SIGNAL,99.37975754158444,BUY,0.36501168586471827
2008-10-31,38.65,0.9565023684882953,NO_SIGNAL,48.61878453038673,NO_SIGNAL,0.9758926335425914,NO_SIGNAL,116.41566265060239,NO_SIGNAL,0.7309718702228595
2008-11-03,38.17,0.9522356032807974,NO_SIGNAL,50.04061738424046,NO_SIGNAL,0.9826128131733561,NO_SIGNAL,119.80539861895795,NO_SIGNAL,0.7182658060243887
2008-11-04,39.52,0.9554517166595071,NO_SIGNAL,57.220594390958574,NO_SIGNAL,0.9909897031268482,NO_SIGNAL,112.17712177121773,NO_SIGNAL,0.8445999526821268
2008-11-05,36.75,0.9559666667103492,NO_SIGNAL,47.59983864461477,NO_SIGNAL,0.9916221262055698,NO_SIGNAL,109.8326359832636,NO_SIGNAL,0.5312739695730486
2008-11-06,35.85,0.9585543527437006,NO_SIGNAL,47.96747967479675,NO_SIGNAL,0.9902575760422985,NO_SIGNAL,101.70212765957447,SELL,0.41907349565297086
2008-11-07,35.37,0.9543235260542617,NO_SIGNAL,44.271926143516566,NO_SIGNAL,0.9882422251875056,NO_SIGNAL,91.51358344113841,NO_SIGNAL,0.38089090697830413
2008-11-10,34.12,0.94838818139789,NO_SIGNAL,43.5590421139554,NO_SIGNAL,0.9840288707881133,NO_SIGNAL,89.38957296305998,NO_SIGNAL,0.2547584272235433
2008-11-11,34.06,0.9441596730374224,NO_SIGNAL,48.23959762231368,NO_SIGNAL,0.9807290909666782,NO_SIGNAL,86.18421052631578,NO_SIGNAL,0.2713743788301624
2008-11-12,32.39,0.9406563827573765,NO_SIGNAL,43.27510917030568,NO_SIGNAL,0.9745656583871257,NO_SIGNAL,88.1360544217687,NO_SIGNAL,0.11475350109288945
2008-11-13,34.85,0.9376231815275499,NO_SIGNAL,53.572975313988735,NO_SIGNAL,0.9755130304067108,NO_SIGNAL,97.21059972105998,NO_SIGNAL,0.41536642487059283
2008-11-14,32.3,0.9330652103876077,NO_SIGNAL,50.905349794238674,NO_SIGNAL,0.9707216045286655,NO_SIGNAL,91.32032796154932,NO_SIGNAL,0.15488202281017047
2008-11-17,30.71,0.924705673885475,NO_SIGNAL,39.964476021314404,NO_SIGNAL,0.9635233669079121,NO_SIGNAL,90.00586166471278,NO_SIGNAL,0.04265100755470588
2008-11-18,30.12,0.9164914436435089,NO_SIGNAL,42.17432052483599,NO_SIGNAL,0.9567350623517076,NO_SIGNAL,88.43217850851438,NO_SIGNAL,0.050703930295462045
2008-11-19,26.68,0.9072857696164518,NO_SIGNAL,31.36146150500217,NO_SIGNAL,0.9433950003255943,NO_SIGNAL,82.37110219203457,NO_SIGNAL,-0.11431239266630663
2008-11-20,21.91,0.8915748207408668,NO_SIGNAL,15.64039408866995,BUY,0.9210118308435887,NO_SIGNAL,62.86944045911047,NO_SIGNAL,-0.2093777936892074
2008-11-21,21.29,0.8779175487524596,NO_SIGNAL,15.551020408163282,BUY,0.9014667429202263,NO_SIGNAL,65.91331269349845,NO_SIGNAL,-0.0908372461269177
2008-11-24,25.84,0.871483787559466,NO_SIGNAL,25.306859205776163,BUY,0.8985811592782227,NO_SIGNAL,84.14197329859981,NO_SIGNAL,0.17188444690417615
2008-11-25,27.9,0.8630322973307382,NO_SIGNAL,33.60503890329751,NO_SIGNAL,0.9028633534366206,NO_SIGNAL,92.62948207171314,BUY,0.29183052521884806
2008-11-26,28.69,0.8579761558670527,NO_SIGNAL,36.68154761904763,NO_SIGNAL,0.9094332090029311,NO_SIGNAL,107.53373313343329,NO_SIGNAL,0.34247170058075327
2008-11-28,29.67,0.8515501448000098,NO_SIGNAL,39.59094229364501,NO_SIGNAL,0.9182826975806895,NO_SIGNAL,135.41761752624373,NO_SIGNAL,0.40141060448025984
2008-12-01,24.48,0.834218173313943,NO_SIGNAL,34.610472541507036,NO_SIGNAL,0.9118354596097862,NO_SIGNAL,114.98356035697512,NO_SIGNAL,0.186668962485786
2008-12-02,26.73,0.8202024825654971,NO_SIGNAL,39.062966278722776,NO_SIGNAL,0.9138030872774598,NO_SIGNAL,103.44427244582045,NO_SIGNAL,0.3145021061712257
2008-12-03,28.35,0.8063596245815239,NO_SIGNAL,43.96294082486551,NO_SIGNAL,0.9208210962720257,NO_SIGNAL,101.61290322580648,NO_SIGNAL,0.4150312062825708
2008-12-04,29.12,0.7971652386648701,NO_SIGNAL,40.98205854579792,NO_SIGNAL,0.929385560629328,NO_SIGNAL,101.49878006273963,NO_SIGNAL,0.47652992123383725
2008-12-05,31.25,0.791897591175755,NO_SIGNAL,48.32535885167465,NO_SIGNAL,0.9428309791905786,NO_SIGNAL,105.32524435456689,NO_SIGNAL,0.6213340567726183
2008-12-08,34.19,0.7909408089742322,NO_SIGNAL,55.32110091743119,NO_SIGNAL,0.9619616148109513,NO_SIGNAL,139.66503267973854,NO_SIGNAL,0.8138047401720548
2008-12-09,31.82,0.7886892468210683,NO_SIGNAL,52.46519721577726,NO_SIGNAL,0.9708885076274667,NO_SIGNAL,119.04227459783014,NO_SIGNAL,0.6763376458542596
2008-12-10,31.41,0.7860690715652363,NO_SIGNAL,57.51987281399046,NO_SIGNAL,0.9771043266759275,NO_SIGNAL,110.79365079365078,SELL,0.664077617941492
2008-12-11,28.06,0.781325960548722,NO_SIGNAL,60.23976023976024,NO_SIGNAL,0.9733477094898901,NO_SIGNAL,96.3598901098901,NO_SIGNAL,0.4509455360453821
2008-12-12,28.99,0.7742188955033559,NO_SIGNAL,62.68951878707976,NO_SIGNAL,0.9731471655740519,NO_SIGNAL,92.768,NO_SIGNAL,0.538775895709542
2008-12-15,26.83,0.767773234382912,NO_SIGNAL,51.77101967799643,NO_SIGNAL,0.9674357921091562,NO_SIGNAL,78.47323778882715,NO_SIGNAL,0.3931113659581537
2008-12-16,30.31,0.7677973028197793,NO_SIGNAL,54.10282601293838,NO_SIGNAL,0.9727164055619403,NO_SIGNAL,95.25455688246386,NO_SIGNAL,0.6665777587056881
2008-12-17,29.85,0.7680038606722641,NO_SIGNAL,51.997245179063356,NO_SIGNAL,0.9759222513364028,NO_SIGNAL,95.0334288443171,BUY,0.6319593164329297
2008-12-18,28.31,0.7708333049102765,NO_SIGNAL,47.7027027027027,NO_SIGNAL,0.9745409975767859,NO_SIGNAL,100.89094796863863,SELL,0.5047373192455092
2008-12-19,28.41,0.7803240905094021,NO_SIGNAL,58.017135862913086,NO_SIGNAL,0.9739966564525032,NO_SIGNAL,97.99931010693344,BUY,0.48523047454392
2008-12-22,27.94,0.7899799686822783,NO_SIGNAL,52.6616805983282,NO_SIGNAL,0.9725597025202057,NO_SIGNAL,104.13715989563923,SELL,0.3908654337236658
2008-12-23,27.28,0.7928304782644975,NO_SIGNAL,47.542489664676154,NO_SIGNAL,0.9698922062374323,NO_SIGNAL,90.00329924117455,NO_SIGNAL,0.30083084211102595
2008-12-24,27.97,0.7937133890354012,NO_SIGNAL,47.34900875979713,NO_SIGNAL,0.9700177177599933,NO_SIGNAL,93.70184254606365,NO_SIGNAL,0.38118301211037353
2008-12-26,27.92,0.7934021353288652,NO_SIGNAL,41.509433962264154,NO_SIGNAL,0.9703027052668693,NO_SIGNAL,98.62239491345815,NO_SIGNAL,0.38053413780163914
2008-12-29,27.91,0.791577971383427,NO_SIGNAL,31.175059952038367,NO_SIGNAL,0.9708226692466446,NO_SIGNAL,98.24005631819782,BUY,0.3898746035938581
2008-12-30,29.06,0.7987044103048536,NO_SIGNAL,41.073738680465716,NO_SIGNAL,0.9747716480223673,NO_SIGNAL,104.00858983536148,NO_SIGNAL,0.49661923426567645
2008-12-31,29.55,0.8036146367215855,NO_SIGNAL,44.015444015444025,NO_SIGNAL,0.9795172653441003,NO_SIGNAL,108.32111436950147,NO_SIGNAL,0.5448327616936081
2009-01-02,29.74,0.8065235465452403,NO_SIGNAL,56.78513731825525,NO_SIGNAL,0.9839905362750007,NO_SIGNAL,106.32820879513764,SELL,0.5618337915257061
2009-01-05,27.74,0.8061986850688979,NO_SIGNAL,45.353159851301115,NO_SIGNAL,0.9821423161747128,NO_SIGNAL,99.35530085959884,BUY,0.2966877360009266
2009-01-06,28.34,0.8037504577520747,NO_SIGNAL,56.34987384356604,NO_SIGNAL,0.9825502284761218,NO_SIGNAL,101.54066642780366,SELL,0.3955036453945276
2009-01-07,26.64,0.7950057332144221,NO_SIGNAL,31.849653808110787,NO_SIGNAL,0.9783047353401403,NO_SIGNAL,91.6724019270475,NO_SIGNAL,0.12926937809485506
2009-01-08,25.82,0.7882708494642455,NO_SIGNAL,30.754536771728738,NO_SIGNAL,0.9728352226849253,NO_SIGNAL,87.37732656514382,NO_SIGNAL,0.014331809182947856
2009-01-09,24.63,0.7804298829702775,NO_SIGNAL,31.818181818181813,NO_SIGNAL,0.9653245710203925,NO_SIGNAL,82.817753866846,NO_SIGNAL,-0.11937516704390859
2009-01-12,23.63,0.7759242900098372,NO_SIGNAL,28.312159709618868,BUY,0.9567141220146625,NO_SIGNAL,85.18385003604902,NO_SIGNAL,-0.11793508106234603
2009-01-13,24.99,0.7718769676670851,NO_SIGNAL,37.61544920235095,NO_SIGNAL,0.9543023001019774,NO_SIGNAL,88.17925194071982,NO_SIGNAL,0.13049687553337008
2009-01-14,24.58,0.7707036859741503,NO_SIGNAL,38.421955403087466,NO_SIGNAL,0.9516164585299759,NO_SIGNAL,92.26726726726726,NO_SIGNAL,0.1148428924545657
2009-01-15,23.09,0.762672018751009,NO_SIGNAL,30.41733547351525,NO_SIGNAL,0.9454074703419039,NO_SIGNAL,89.42680092951201,NO_SIGNAL,0.00010430475306418063
2009-01-16,21.64,0.7533611203781516,NO_SIGNAL,27.344877344877347,BUY,0.9364135550678778,NO_SIGNAL,87.86033292732441,NO_SIGNAL,-0.0603225366034112
2009-01-20,17.16,0.7402447706546428,NO_SIGNAL,20.676486633933436,BUY,0.915170763133246,NO_SIGNAL,72.61955141768938,NO_SIGNAL,-0.22904998052356182
2009-01-21,21.46,0.7325403818746937,NO_SIGNAL,32.30912476722534,NO_SIGNAL,0.9128433283763457,NO_SIGNAL,85.87434973989598,NO_SIGNAL,0.1595531138692638
2009-01-22,21.91,0.7259869991135761,NO_SIGNAL,32.18283582089552,NO_SIGNAL,0.9133334585230504,NO_SIGNAL,89.13751017087064,NO_SIGNAL,0.22424150550377236
2009-01-23,23.03,0.7217654707262087,NO_SIGNAL,35.00223513634333,NO_SIGNAL,0.9183946092585935,NO_SIGNAL,99.74014724989173,BUY,0.3261427445926926
2009-01-26,23.24,0.7167738325015132,NO_SIGNAL,39.06705539358601,NO_SIGNAL,0.9239807345346006,NO_SIGNAL,107.39371534195932,NO_SIGNAL,0.35851370782752245
2009-01-27,23.77,0.7124093982585008,NO_SIGNAL,38.859093125304724,NO_SIGNAL,0.9310126432333721,NO_SIGNAL,138.5198135198135,NO_SIGNAL,0.4130008216721875
2009-01-28,26.24,0.7112330274913793,NO_SIGNAL,49.06015037593985,NO_SIGNAL,0.9456089299016398,NO_SIGNAL,122.27399813606709,NO_SIGNAL,0.6123182479031923
2009-01-29,24.12,0.7056305966665948,NO_SIGNAL,46.235606731620905,NO_SIGNAL,0.9505992201073569,NO_SIGNAL,110.08671839342765,NO_SIGNAL,0.46303863151732866
2009-01-30,24.2,0.6996692922681771,NO_SIGNAL,48.99860270144387,NO_SIGNAL,0.9553409586219663,NO_SIGNAL,105.08033000434216,NO_SIGNAL,0.4911399095006984
2009-02-02,23.9,0.6930162872467567,NO_SIGNAL,50.649975926817525,NO_SIGNAL,0.9585716578352939,NO_SIGNAL,102.83993115318417,SELL,0.4892063896796863
2009-02-03,22.81,0.6878134566534226,NO_SIGNAL,44.68292682926829,NO_SIGNAL,0.9579360768398755,NO_SIGNAL,95.96129575094656,NO_SIGNAL,0.3974399926609299
2009-02-04,22.8,0.6816486358609359,NO_SIGNAL,45.57213930348259,NO_SIGNAL,0.9578425430181482,NO_SIGNAL,86.89024390243904,NO_SIGNAL,0.4169418238521988
2009-02-05,23.28,0.6786138406370792,NO_SIGNAL,50.497642744892616,NO_SIGNAL,0.9598382691932209,NO_SIGNAL,96.51741293532339,BUY,0.4954351255858773
2009-02-06,26.21,0.6806980695881738,NO_SIGNAL,61.10841030627127,NO_SIGNAL,0.9716713440644041,NO_SIGNAL,108.30578512396696,NO_SIGNAL,0.8695243835849767
2009-02-09,25.88,0.68424885285886,NO_SIGNAL,76.55298416565165,SELL,0.9801106733271973,NO_SIGNAL,108.2845188284519,NO_SIGNAL,0.8090952698620876
2009-02-10,23.35,0.6859055402206466,NO_SIGNAL,56.45051194539249,NO_SIGNAL,0.9786186551526087,NO_SIGNAL,102.3673827268742,NO_SIGNAL,0.49589050625384207
2009-02-11,24.75,0.6874470538403614,NO_SIGNAL,59.10256410256411,NO_SIGNAL,0.9822986170377885,NO_SIGNAL,108.55263157894737,NO_SIGNAL,0.6725362832962931
2009-02-12,24.84,0.6897009398443572,NO_SIGNAL,56.21139327385038,NO_SIGNAL,0.985677507053372,NO_SIGNAL,106.70103092783505,SELL,0.6813439579892662
2009-02-13,23.42,0.6922702577172432,NO_SIGNAL,50.5703422053232,NO_SIGNAL,0.9838251983113042,NO_SIGNAL,89.35520793590233,NO_SIGNAL,0.5024301519853046
2009-02-17,20.53,0.6931670563782801,NO_SIGNAL,41.06945975744212,NO_SIGNAL,0.9728847313190824,NO_SIGNAL,79.32766615146832,NO_SIGNAL,0.1602869335383359
2009-02-18,20.4,0.7005095807134128,NO_SIGNAL,31.518987341772146,NO_SIGNAL,0.9639251915427544,NO_SIGNAL,87.3661670235546,NO_SIGNAL,0.02789668538502873
2009-02-19,19.54,0.700215349644075,NO_SIGNAL,34.250343878954595,NO_SIGNAL,0.9540796552714434,NO_SIGNAL,78.94949494949495,NO_SIGNAL,-0.03232325906200756
2009-02-20,18.88,0.6983408793399545,NO_SIGNAL,32.407407407407405,NO_SIGNAL,0.9442226400546817,NO_SIGNAL,76.00644122383252,NO_SIGNAL,-0.03154185124269803
2009-02-23,18.51,0.694089533888601,NO_SIGNAL,32.25806451612904,NO_SIGNAL,0.9354315491875301,NO_SIGNAL,79.03501280956448,NO_SIGNAL,0.012151699601537894
2009-02-24,19.94,0.691452129597574,NO_SIGNAL,40.7598197037991,NO_SIGNAL,0.9342905680274192,NO_SIGNAL,97.12615684364346,BUY,0.19720773518523851
2009-02-25,20.61,0.6889893074004803,NO_SIGNAL,43.2365657813465,NO_SIGNAL,0.9365567195770882,NO_SIGNAL,101.02941176470588,NO_SIGNAL,0.28643059903380313
2009-02-26,21.86,0.6845862699232823,NO_SIGNAL,45.81367924528301,NO_SIGNAL,0.9437011190542017,NO_SIGNAL,111.87308085977483,NO_SIGNAL,0.43192035242160065
2009-02-27,21.67,0.6829519988764525,NO_SIGNAL,34.0365682137834,NO_SIGNAL,0.9492413975826088,NO_SIGNAL,114.77754237288138,NO_SIGNAL,0.42378935599197487
2009-03-02,20.07,0.6789430392446693,NO_SIGNAL,31.24596513879922,NO_SIGNAL,0.948190649813068,NO_SIGNAL,108.42787682333872,SELL,0.27308199995248306
2009-03-03,19.93,0.6752730883813306,NO_SIGNAL,36.94656488549618,NO_SIGNAL,0.9473609182921521,NO_SIGNAL,99.94984954864593,NO_SIGNAL,0.28070043328364525
2009-03-04,18.31,0.6708801772637074,NO_SIGNAL,25.825825825825817,BUY,0.9410327361205127,NO_SIGNAL,88.84036875303251,NO_SIGNAL,0.14968878629260127
2009-03-05,15.75,0.6627157509838554,NO_SIGNAL,21.215959468017715,BUY,0.9264011362435242,NO_SIGNAL,72.04940530649588,NO_SIGNAL,-0.008272451710089607
2009-03-06,15.11,0.6525932009357424,NO_SIGNAL,22.318454363757482,BUY,0.9124597441269591,NO_SIGNAL,69.72773419473927,NO_SIGNAL,0.02139342989681824
2009-03-09,15.08,0.637654776829415,NO_SIGNAL,27.57201646090533,BUY,0.9016693165813084,NO_SIGNAL,75.13702042850025,NO_SIGNAL,0.06581553603325985
2009-03-10,18.5,0.6282013126360803,NO_SIGNAL,43.84715025906736,NO_SIGNAL,0.9084529818320278,NO_SIGNAL,92.82488710486703,BUY,0.3622778372625583
2009-03-11,19.35,0.6238481081870931,NO_SIGNAL,49.384316267012316,NO_SIGNAL,0.9184102325153253,NO_SIGNAL,105.67995630802842,NO_SIGNAL,0.4536741255739959
2009-03-12,22.01,0.6212551146291392,NO_SIGNAL,58.97877223178429,NO_SIGNAL,0.9382699085787447,NO_SIGNAL,139.74603174603175,NO_SIGNAL,0.7282386058048528
2009-03-13,22.53,0.6192625404613823,NO_SIGNAL,61.4334470989761,NO_SIGNAL,0.9564992685075407,NO_SIGNAL,149.10655195234946,NO_SIGNAL,0.8170650122208412
2009-03-16,21.9,0.6186370592876358,NO_SIGNAL,55.84028605482716,NO_SIGNAL,0.9686104274884463,NO_SIGNAL,145.22546419098143,NO_SIGNAL,0.7699558525004464
2009-03-17,23.85,0.6254516577327776,NO_SIGNAL,58.970099667774086,NO_SIGNAL,0.985987271965769,BUY,128.91891891891893,NO_SIGNAL,0.9339261044432754
2009-03-18,25.71,0.6352018079959256,NO_SIGNAL,60.31065881092662,NO_SIGNAL,1.0064762213040432,NO_SIGNAL,132.86821705426357,NO_SIGNAL,1.0235369554881233
2009-03-19,23.67,0.6432952850431134,NO_SIGNAL,54.873294346978554,NO_SIGNAL,1.0144854785293467,NO_SIGNAL,107.54202635165832,SELL,0.8058304106414889
2009-03-20,21.96,0.6499009121837227,NO_SIGNAL,54.58070770722249,NO_SIGNAL,1.0142430038147623,NO_SIGNAL,97.47003994673769,BUY,0.6428166330751037
2009-03-23,27.37,0.665278999597801,NO_SIGNAL,64.36293436293437,NO_SIGNAL,1.0333423206442713,NO_SIGNAL,124.97716894977171,NO_SIGNAL,1.0095047807591286
2009-03-24,25.04,0.6747302074536915,NO_SIGNAL,62.6456219466366,NO_SIGNAL,1.039243954225507,NO_SIGNAL,104.98951781970649,NO_SIGNAL,0.7983181715730037
2009-03-25,27.09,0.6859483143827977,NO_SIGNAL,71.72413793103448,SELL,1.0502506425184621,NO_SIGNAL,105.36756126021002,NO_SIGNAL,0.8956878478622351
2009-03-26,27.6,0.6960258133041513,NO_SIGNAL,74.04697728147863,SELL,1.0596104759429792,NO_SIGNAL,116.60329531051966,NO_SIGNAL,0.8835171163053283
2009-03-27,25.99,0.7039012520747056,NO_SIGNAL,69.80036297640652,NO_SIGNAL,1.0606883737662132,NO_SIGNAL,118.35154826958106,SELL,0.7583165954620407
2009-03-30,23.57,0.7108447739219156,NO_SIGNAL,59.548022598870055,NO_SIGNAL,1.0528741532488626,NO_SIGNAL,86.11618560467666,BUY,0.596872143187001
2009-03-31,25.21,0.7206705988714455,NO_SIGNAL,60.71689831748354,NO_SIGNAL,1.0515321054843818,NO_SIGNAL,100.67891373801918,SELL,0.6813308859123571
2009-04-01,26.69,0.7354177567474313,NO_SIGNAL,58.944954128440365,NO_SIGNAL,1.0546442536727958,NO_SIGNAL,98.52344038390551,NO_SIGNAL,0.7469236421376155
2009-04-02,26.76,0.7543701684796276,NO_SIGNAL,58.226371061843636,NO_SIGNAL,1.056556391286017,NO_SIGNAL,96.95652173913044,BUY,0.7317988821723153
2009-04-03,27.82,0.7759732559688376,NO_SIGNAL,61.323641928079574,NO_SIGNAL,1.0606317117769388,NO_SIGNAL,107.0411696806464,NO_SIGNAL,0.7898107968298606
2009-04-06,26.8,0.7961414581774409,NO_SIGNAL,55.85085283617612,NO_SIGNAL,1.0598052345845768,NO_SIGNAL,113.70386084005091,NO_SIGNAL,0.7122166423266073
2009-04-07,25.89,0.8093384833680054,NO_SIGNAL,50.37098103874691,NO_SIGNAL,1.0556081538623445,NO_SIGNAL,102.6973423244744,SELL,0.6107406904770236
2009-04-08,26.06,0.8213198665061608,NO_SIGNAL,55.33720410897722,NO_SIGNAL,1.0522076780546243,NO_SIGNAL,97.63956538029224,BUY,0.6106850570011059
2009-04-09,31.12,0.8366669114826875,NO_SIGNAL,67.79331779331778,NO_SIGNAL,1.0643432584297465,NO_SIGNAL,116.2929745889387,NO_SIGNAL,1.107574449879281
2009-04-13,32.02,0.8525507779778944,NO_SIGNAL,60.95148374941121,NO_SIGNAL,1.0752261864840877,NO_SIGNAL,115.09705248023006,NO_SIGNAL,1.0796932462543736
2009-04-14,29.17,0.8650191667293031,NO_SIGNAL,59.49425287356323,NO_SIGNAL,1.0742326059875937,NO_SIGNAL,108.84328358208954,NO_SIGNAL,0.7772655936935574
2009-04-15,30.94,0.8767889858776959,NO_SIGNAL,58.96599906846763,NO_SIGNAL,1.0775519854574573,NO_SIGNAL,119.50560061799922,NO_SIGNAL,0.9039999440319592
2009-04-16,31.58,0.886378196747032,NO_SIGNAL,59.212962962962955,NO_SIGNAL,1.080829917717731,NO_SIGNAL,121.18188795088258,NO_SIGNAL,0.906775940414608
2009-04-17,31.6,0.8993428331881499,NO_SIGNAL,64.01799100449776,NO_SIGNAL,1.082300132168526,NO_SIGNAL,101.54241645244215,SELL,0.8660288382761894
2009-04-20,28.21,0.9101464823467268,NO_SIGNAL,61.05815061963774,NO_SIGNAL,1.073102276947562,NO_SIGNAL,88.10118675827607,BUY,0.538858360443291
2009-04-21,30.91,0.9162234716930513,NO_SIGNAL,62.93103448275861,NO_SIGNAL,1.0724811226385678,NO_SIGNAL,105.96503256770656,SELL,0.7840457171042432
2009-04-22,30.31,0.9250474926654308,NO_SIGNAL,58.55387523629489,NO_SIGNAL,1.0694566531389376,NO_SIGNAL,97.96380090497738,NO_SIGNAL,0.7036704776967964
2009-04-23,31.56,0.9326210315609262,NO_SIGNAL,60.74306177260519,NO_SIGNAL,1.06961906122524,NO_SIGNAL,99.93666877770741,BUY,0.7957149664516787
2009-04-24,31.72,0.9393889298989624,NO_SIGNAL,59.095149253731336,NO_SIGNAL,1.0692780700347155,NO_SIGNAL,100.37974683544304,NO_SIGNAL,0.781767344296088
2009-04-27,31.15,0.9479804932988688,NO_SIGNAL,60.36207717960934,NO_SIGNAL,1.066632550564137,NO_SIGNAL,110.42183622828783,NO_SIGNAL,0.706605799883048
2009-04-28,31.16,0.9603551487234389,NO_SIGNAL,63.11597809855649,NO_SIGNAL,1.0637893035725836,NO_SIGNAL,100.80879974118409,NO_SIGNAL,0.6922867900621439
2009-04-29,32.76,0.9721904101251906,NO_SIGNAL,65.56691449814124,NO_SIGNAL,1.064975214250209,NO_SIGNAL,108.08314087759815,SELL,0.8339320655602022
2009-04-30,31.36,0.9794285658215572,NO_SIGNAL,50.671892497200446,NO_SIGNAL,1.0614429052128513,NO_SIGNAL,99.36628643852978,NO_SIGNAL,0.6612304130938479
2009-05-01,30.87,0.986561391568394,NO_SIGNAL,46.70487106017191,NO_SIGNAL,1.0566910120038615,NO_SIGNAL,97.3203026481715,BUY,0.5869398254083353
2009-05-04,34.01,0.9973298670172274,BUY,63.64148816234498,NO_SIGNAL,1.0603846236016328,NO_SIGNAL,109.18138041733548,NO_SIGNAL,0.9103393245517984
2009-05-05,33.09,1.0083074085177557,NO_SIGNAL,56.364712847838966,NO_SIGNAL,1.0601099419130582,NO_SIGNAL,106.19383825417204,NO_SIGNAL,0.7813657322418058
2009-05-06,35.37,1.0239333379207747,NO_SIGNAL,60.2266594711279,NO_SIGNAL,1.0648310506187904,NO_SIGNAL,107.96703296703296,NO_SIGNAL,1.0249847281778628
2009-05-07,33.48,1.0368578970667803,NO_SIGNAL,54.607843137254896,NO_SIGNAL,1.0629423423905067,NO_SIGNAL,106.76020408163265,NO_SIGNAL,0.7911341148083498
2009-05-08,37.0,1.046845375163193,NO_SIGNAL,71.40769605455432,SELL,1.0692633841242245,NO_SIGNAL,119.85746679624229,NO_SIGNAL,1.1380510537944761
2009-05-11,34.05,1.0505797631724458,NO_SIGNAL,57.5553416746872,NO_SIGNAL,1.0661040019086254,NO_SIGNAL,100.1176124669215,NO_SIGNAL,0.7482214085853469
2009-05-12,33.6,1.0583953588395785,NO_SIGNAL,57.973824527387315,NO_SIGNAL,1.0617685956002838,NO_SIGNAL,101.54125113327288,SELL,0.673605163395343
2009-05-13,32.35,1.0611751528598716,NO_SIGNAL,51.91468734852158,NO_SIGNAL,1.0546564335647377,NO_SIGNAL,91.46169069833194,BUY,0.5055421664608323
2009-05-14,33.77,1.0654928107625734,NO_SIGNAL,54.68250342622203,NO_SIGNAL,1.0518922311902967,NO_SIGNAL,100.8661887694146,SELL,0.672798930963443
2009-05-15,33.17,1.069037553665718,NO_SIGNAL,54.60766423357665,NO_SIGNAL,1.047680607910035,NO_SIGNAL,89.64864864864866,BUY,0.5863077319824123
2009-05-18,35.4,1.0812878892596909,NO_SIGNAL,58.7821043910522,NO_SIGNAL,1.0491714974966935,NO_SIGNAL,103.9647577092511,NO_SIGNAL,0.8577289414089679
2009-05-19,34.03,1.0871143823943488,NO_SIGNAL,52.65579255541615,NO_SIGNAL,1.0464625374779737,NO_SIGNAL,101.27976190476191,NO_SIGNAL,0.6468416696703739
2009-05-20,32.83,1.0920730652297501,NO_SIGNAL,53.09995782370308,NO_SIGNAL,1.0409488104892939,NO_SIGNAL,101.48377125193197,SELL,0.45260549968251396
2009-05-21,33.16,1.0957550686486022,NO_SIGNAL,54.8619957537155,NO_SIGNAL,1.0369553078516105,NO_SIGNAL,98.19366301450991,NO_SIGNAL,0.4910240278361161
2009-05-22,32.7,1.0984204973774017,NO_SIGNAL,46.86152371825588,NO_SIGNAL,1.032307048821518,NO_SIGNAL,98.58305697919806,NO_SIGNAL,0.408167166047016
2009-05-26,34.72,1.1047340317473948,NO_SIGNAL,53.709604005461976,NO_SIGNAL,1.0331308039717864,NO_SIGNAL,98.07909604519774,NO_SIGNAL,0.7144726294741321
2009-05-27,32.93,1.108620510099332,NO_SIGNAL,44.320297951582866,NO_SIGNAL,1.0291119455806623,NO_SIGNAL,96.76755803702615,BUY,0.39195127753841513
2009-05-28,34.82,1.1127855120027526,NO_SIGNAL,53.11918063314713,NO_SIGNAL,1.0301370393081493,NO_SIGNAL,106.06152908924764,NO_SIGNAL,0.7100210803943967
2009-05-29,35.06,1.1189430081984024,NO_SIGNAL,44.67032967032968,NO_SIGNAL,1.0311340990648465,NO_SIGNAL,105.72979493365501,NO_SIGNAL,0.731851896274749
2009-06-01,34.31,1.124635446735935,NO_SIGNAL,50.812500000000014,NO_SIGNAL,1.0297688541453218,NO_SIGNAL,104.92354740061162,SELL,0.569361442109899
2009-06-02,32.78,1.1230428832192285,NO_SIGNAL,47.59953161592506,NO_SIGNAL,1.0247476100891186,NO_SIGNAL,94.41244239631337,NO_SIGNAL,0.2553129310612348
2009-06-03,32.29,1.1222965835372658,NO_SIGNAL,49.816176470588225,NO_SIGNAL,1.019364440369403,NO_SIGNAL,98.05648344974188,NO_SIGNAL,0.1716368643353869
2009-06-04,33.59,1.119455010009919,NO_SIGNAL,49.44444444444445,NO_SIGNAL,1.0180211317827281,NO_SIGNAL,96.46754738655946,NO_SIGNAL,0.4546707112480121
2009-06-05,32.83,1.1184268267439452,NO_SIGNAL,48.960880195599,NO_SIGNAL,1.0149511967379474,NO_SIGNAL,93.63947518539645,NO_SIGNAL,0.30221615957149195
2009-06-08,33.63,1.1129899618580417,NO_SIGNAL,44.07233757535165,NO_SIGNAL,1.0142867204539896,NO_SIGNAL,98.0180705333722,BUY,0.5079478405699732
2009-06-09,33.5,1.1121195809697322,NO_SIGNAL,48.064280496712925,NO_SIGNAL,1.0132919838885317,NO_SIGNAL,102.19646125686394,NO_SIGNAL,0.47972346405716443
2009-06-10,33.1,1.1116468019258363,NO_SIGNAL,51.047323506594275,NO_SIGNAL,1.011406145252869,NO_SIGNAL,102.5085165685971,SELL,0.3770999267779251
2009-06-11,33.2,1.1131288294766561,NO_SIGNAL,50.157977883096386,NO_SIGNAL,1.0100380212834745,NO_SIGNAL,98.83894016076214,BUY,0.38796372311548116
2009-06-12,33.38,1.1126043123504497,NO_SIGNAL,52.74636510500807,NO_SIGNAL,1.0092825726505439,NO_SIGNAL,101.67529698446545,SELL,0.44513725791591374
2009-06-15,32.31,1.111589996237068,NO_SIGNAL,39.45756780402453,NO_SIGNAL,1.0060203265633227,NO_SIGNAL,96.07493309545049,NO_SIGNAL,0.1665959808057921
2009-06-16,31.83,1.1064644396927115,NO_SIGNAL,44.56521739130436,NO_SIGNAL,1.0022296082989337,SELL,95.01492537313432,NO_SIGNAL,0.06660307170297995
2009-06-17,31.1,1.1024616835338805,NO_SIGNAL,29.241071428571487,BUY,0.9974427290374878,NO_SIGNAL,93.95770392749245,NO_SIGNAL,-0.028982080740911468
2009-06-18,32.47,1.1025577559126407,NO_SIGNAL,37.16551040634292,NO_SIGNAL,0.9970445799593682,NO_SIGNAL,97.8012048192771,NO_SIGNAL,0.32191755437502034
2009-06-19,33.26,1.103396575167136,NO_SIGNAL,44.81737413622901,NO_SIGNAL,0.998692306427746,NO_SIGNAL,99.64050329538644,NO_SIGNAL,0.5172960304565544
2009-06-22,31.23,1.101689276851119,NO_SIGNAL,42.7093132643462,NO_SIGNAL,0.995041854053333,NO_SIGNAL,96.65738161559888,BUY,0.06810890228836496
2009-06-23,31.9,1.097897162034386,NO_SIGNAL,48.19611470860315,NO_SIGNAL,0.993865972892951,NO_SIGNAL,100.21991831605403,NO_SIGNAL,0.2452356664027066
2009-06-24,31.79,1.0972506237219324,NO_SIGNAL,40.64449064449063,NO_SIGNAL,0.9927387880217643,NO_SIGNAL,102.2186495176849,SELL,0.24075789539318065
2009-06-25,32.44,1.0940608838210741,NO_SIGNAL,47.94952681388012,NO_SIGNAL,0.9935377705946516,NO_SIGNAL,99.90760702186633,NO_SIGNAL,0.4096536423959943
2009-06-26,32.73,1.0908863336726686,NO_SIGNAL,44.999999999999964,NO_SIGNAL,0.9949515371136172,NO_SIGNAL,98.40649428743234,BUY,0.5138012202441723
2009-06-29,32.88,1.0895635832115265,NO_SIGNAL,46.56319290465633,NO_SIGNAL,0.9964845826658231,NO_SIGNAL,105.28338136407301,NO_SIGNAL,0.5889850684834248
2009-06-30,32.41,1.0900143469144101,NO_SIGNAL,46.20462046204618,NO_SIGNAL,0.9965712745464432,NO_SIGNAL,101.5987460815047,NO_SIGNAL,0.439088004398674
2009-07-01,32.13,1.090162426188923,NO_SIGNAL,44.2286947141316,NO_SIGNAL,0.9959897603984229,NO_SIGNAL,101.06951871657755,SELL,0.3496435975735399
2009-07-02,30.71,1.086648143589022,NO_SIGNAL,37.29781160799238,NO_SIGNAL,0.9920691429574625,NO_SIGNAL,94.66707768187423,NO_SIGNAL,-0.023476315642215334
2009-07-06,31.02,1.084023462434806,NO_SIGNAL,43.38461538461537,NO_SIGNAL,0.9898316450389806,NO_SIGNAL,94.77543538038498,NO_SIGNAL,0.12167670473337383
2009-07-07,31.22,1.081117797411798,NO_SIGNAL,46.779303062302006,NO_SIGNAL,0.9886798839561656,NO_SIGNAL,94.95133819951337,NO_SIGNAL,0.20623635925351638
2009-07-08,31.13,1.0794276129361895,NO_SIGNAL,50.16987542468855,NO_SIGNAL,0.9876725628912759,NO_SIGNAL,96.05060166615243,NO_SIGNAL,0.20733745767775927
2009-07-09,31.99,1.0786406835950315,NO_SIGNAL,47.115384615384606,NO_SIGNAL,0.989176461510971,NO_SIGNAL,99.56427015250543,BUY,0.47937659927231285
2009-07-10,30.77,1.0758103528428884,NO_SIGNAL,35.77142857142857,NO_SIGNAL,0.9874134283600895,NO_SIGNAL,100.19537609899056,NO_SIGNAL,0.1394648159806224
2009-07-13,33.03,1.0760600038096588,NO_SIGNAL,60.022271714922056,NO_SIGNAL,0.9918490477821528,NO_SIGNAL,106.47969052224371,NO_SIGNAL,0.8574315333165159
2009-07-14,33.02,1.0786004827085687,NO_SIGNAL,56.73076923076926,NO_SIGNAL,0.9953793553800688,BUY,105.76553491351699,NO_SIGNAL,0.828343671992351
2009-07-15,34.5,1.0850040747040344,NO_SIGNAL,63.98348813209495,NO_SIGNAL,1.001843999958261,NO_SIGNAL,110.8255701895278,NO_SIGNAL,1.108914804992623
2009-07-16,34.38,1.0912416106814824,NO_SIGNAL,60.58951965065505,NO_SIGNAL,1.0065422248813993,NO_SIGNAL,107.47108471397313,NO_SIGNAL,0.9902560898564167
2009-07-17,35.1,1.0972374230405626,NO_SIGNAL,62.3566214807091,NO_SIGNAL,1.0118523794591325,NO_SIGNAL,114.0721481962951,NO_SIGNAL,1.0395888266568032
2009-07-20,35.19,1.1025545277094118,NO_SIGNAL,62.11962224554039,NO_SIGNAL,1.016036709504176,NO_SIGNAL,106.53950953678472,NO_SIGNAL,0.9853822999598061
2009-07-21,35.15,1.111388891723385,NO_SIGNAL,65.05494505494511,NO_SIGNAL,1.018990205571808,NO_SIGNAL,106.45063597819502,NO_SIGNAL,0.9169059941750113
2009-07-22,35.05,1.1182599395774508,NO_SIGNAL,66.3677130044843,NO_SIGNAL,1.0208168348524636,NO_SIGNAL,101.59420289855072,NO_SIGNAL,0.8547714084687917
2009-07-23,36.3,1.1268865954781362,NO_SIGNAL,81.94285714285718,SELL,1.0249087132068089,NO_SIGNAL,105.58464223385688,NO_SIGNAL,0.970750490806171
2009-07-24,36.08,1.1332394635100949,NO_SIGNAL,79.21478060046194,SELL,1.027257463922715,NO_SIGNAL,102.79202279202278,NO_SIGNAL,0.885623814861855
2009-07-27,36.28,1.1393978243117224,NO_SIGNAL,79.21478060046195,SELL,1.0292046539505626,NO_SIGNAL,103.09747087240694,NO_SIGNAL,0.8656909148480635
2009-07-28,36.24,1.144761060740337,NO_SIGNAL,79.67479674796753,SELL,1.030266847197768,NO_SIGNAL,103.1009957325747,NO_SIGNAL,0.8236690332674279
2009-07-29,35.94,1.1513815282410154,NO_SIGNAL,74.53416149068325,SELL,1.0300437556673312,NO_SIGNAL,102.53922967189727,NO_SIGNAL,0.759881037117482
2009-07-30,36.61,1.1595624537256601,NO_SIGNAL,88.93333333333335,SELL,1.0310258576827085,NO_SIGNAL,100.85399449035812,NO_SIGNAL,0.8050598266902376
2009-07-31,36.78,1.1701911640994402,NO_SIGNAL,84.6580406654344,SELL,1.0317937325524702,NO_SIGNAL,101.94013303769403,NO_SIGNAL,0.7977196633874833
2009-08-03,37.68,1.181231043224008,NO_SIGNAL,86.98412698412697,SELL,1.0340101220482534,NO_SIGNAL,103.85887541345093,NO_SIGNAL,0.8686152668481233
2009-08-04,38.26,1.1931754214187509,NO_SIGNAL,84.81481481481481,SELL,1.0365849116741943,NO_SIGNAL,105.57395143487858,NO_SIGNAL,0.8980926199529267
2009-08-05,39.76,1.2072972166574316,NO_SIGNAL,89.67551622418875,SELL,1.041385632226996,NO_SIGNAL,110.62882582081247,NO_SIGNAL,1.013737958566515
2009-08-06,38.78,1.2187325794886745,NO_SIGNAL,76.13636363636364,SELL,1.0424450638739196,NO_SIGNAL,105.92734225621416,NO_SIGNAL,0.863613107569585
2009-08-07,40.31,1.2343499744419835,NO_SIGNAL,80.18867924528303,SELL,1.0460001973999227,NO_SIGNAL,109.59760739532354,NO_SIGNAL,1.0169181757237562
2009-08-10,40.62,1.2460530504069083,NO_SIGNAL,81.25714285714285,SELL,1.0488023406597198,NO_SIGNAL,107.80254777070064,NO_SIGNAL,0.9879409549638777
2009-08-11,39.24,1.255834762254702,NO_SIGNAL,70.88733798604191,SELL,1.0474674219471645,NO_SIGNAL,102.56142185049661,NO_SIGNAL,0.79737946068338
2009-08-12,40.17,1.2639813236870765,NO_SIGNAL,69.92790937178171,NO_SIGNAL,1.0477861252597687,NO_SIGNAL,101.03118712273643,NO_SIGNAL,0.8719294503127024
2009-08-13,40.82,1.272985449122825,NO_SIGNAL,73.37278106508879,SELL,1.0487782055822474,NO_SIGNAL,105.26044352759155,NO_SIGNAL,0.9046923841084528
2009-08-14,40.39,1.2808386938208198,NO_SIGNAL,69.81677917068468,NO_SIGNAL,1.0480591592569972,NO_SIGNAL,100.19846192011907,SELL,0.8175675463279559
2009-08-17,38.76,1.2857348495753564,NO_SIGNAL,60.53511705685617,NO_SIGNAL,1.0435920675114252,NO_SIGNAL,95.42097488921713,BUY,0.6014516214954172
2009-08-18,39.68,1.292436770016482,NO_SIGNAL,64.86486486486488,NO_SIGNAL,1.0414781060261786,NO_SIGNAL,101.12130479102956,SELL,0.6976924782542567
2009-08-19,39.4,1.29963300299655,NO_SIGNAL,61.44380639868745,NO_SIGNAL,1.038768888042207,NO_SIGNAL,98.08314662683594,NO_SIGNAL,0.6419283735043735
2009-08-20,40.37,1.3060333235797057,NO_SIGNAL,63.81832178598922,NO_SIGNAL,1.0381722124466157,NO_SIGNAL,98.89759921607055,BUY,0.7543277044620048
2009-08-21,41.55,1.3148337267261376,NO_SIGNAL,64.58176337603618,NO_SIGNAL,1.0396274767666458,NO_SIGNAL,102.8719980193117,NO_SIGNAL,0.8826550265857069
2009-08-24,40.93,1.3217617858458335,NO_SIGNAL,60.03005259203608,NO_SIGNAL,1.039024564274135,NO_SIGNAL,105.59855521155832,NO_SIGNAL,0.7690479435541451
2009-08-25,41.47,1.3293361421703667,NO_SIGNAL,56.923076923076934,NO_SIGNAL,1.039160955663831,NO_SIGNAL,104.51108870967742,NO_SIGNAL,0.8227416728173741
2009-08-26,41.2,1.3368993876886806,NO_SIGNAL,60.39518900343645,NO_SIGNAL,1.0382552729983323,NO_SIGNAL,104.56852791878173,NO_SIGNAL,0.7685360254804849
2009-08-27,41.35,1.3432549240216805,NO_SIGNAL,55.06822612085771,NO_SIGNAL,1.037387963391013,NO_SIGNAL,102.42754520683677,SELL,0.7806521225559713
2009-08-28,40.84,1.3485531628532972,NO_SIGNAL,51.05162523900576,NO_SIGNAL,1.035260692327676,NO_SIGNAL,98.29121540312877,BUY,0.6718887598550531
2009-08-31,41.36,1.3527029365174021,NO_SIGNAL,61.041666666666664,NO_SIGNAL,1.034210001056263,NO_SIGNAL,101.0505741509895,SELL,0.7780469741708134
2009-09-01,39.65,1.3539461912762663,NO_SIGNAL,47.49518304431597,NO_SIGNAL,1.0296228978330222,NO_SIGNAL,95.61128526645768,NO_SIGNAL,0.3063589963252036
2009-09-02,38.88,1.350977055337128,NO_SIGNAL,40.76190476190476,NO_SIGNAL,1.0241676724178197,NO_SIGNAL,94.36893203883496,NO_SIGNAL,0.12208269710672595
2009-09-03,40.07,1.3510197180646535,NO_SIGNAL,48.57904085257549,NO_SIGNAL,1.021982010004309,NO_SIGNAL,96.90447400241837,NO_SIGNAL,0.4181151463448028
2009-09-04,40.29,1.3486901475296964,NO_SIGNAL,57.76649746192895,NO_SIGNAL,1.020456530650032,NO_SIGNAL,98.65328109696375,NO_SIGNAL,0.4820618899515006
2009-09-08,40.48,1.3453535367008576,NO_SIGNAL,54.3859649122807,NO_SIGNAL,1.0194044367240949,NO_SIGNAL,97.87234042553192,BUY,0.5391366913385529
2009-09-09,40.78,1.343693645029128,NO_SIGNAL,57.549234135667426,NO_SIGNAL,1.0189511546892245,NO_SIGNAL,102.84993694829761,NO_SIGNAL,0.6082863875509528
2009-09-10,40.94,1.3405950763725525,NO_SIGNAL,53.42136854741898,NO_SIGNAL,1.0186917590250335,NO_SIGNAL,105.298353909465,NO_SIGNAL,0.6440682664965296
2009-09-11,40.44,1.3367323329146559,NO_SIGNAL,42.74509803921568,NO_SIGNAL,1.0172840019804883,NO_SIGNAL,100.92338407786374,NO_SIGNAL,0.49954696855753883
2009-09-14,41.63,1.3357506682298546,NO_SIGNAL,54.257907542579105,NO_SIGNAL,1.0183282199994292,NO_SIGNAL,103.32588731695212,NO_SIGNAL,0.8240410557163016
2009-09-15,41.1,1.3368734922510344,NO_SIGNAL,47.746650426309394,NO_SIGNAL,1.0178846993266437,NO_SIGNAL,101.53162055335969,NO_SIGNAL,0.654800773308146
2009-09-16,42.49,1.3386734452589264,NO_SIGNAL,56.913183279742775,NO_SIGNAL,1.020045754010467,NO_SIGNAL,104.19323197645905,NO_SIGNAL,1.0107314856507779
2009-09-17,42.78,1.3401963962371028,NO_SIGNAL,57.550158394931366,NO_SIGNAL,1.0220449897946104,NO_SIGNAL,104.49438202247192,NO_SIGNAL,1.0160359610050407
2009-09-18,42.77,1.340605150144511,NO_SIGNAL,60.75808249721294,NO_SIGNAL,1.023312580543883,NO_SIGNAL,105.76162215628094,NO_SIGNAL,0.9412171377504222
2009-09-21,42.39,1.3389072259674752,NO_SIGNAL,55.83238958097396,NO_SIGNAL,1.0232895508935285,NO_SIGNAL,101.8256065337497,NO_SIGNAL,0.8198495274210703
2009-09-22,44.22,1.340968335381035,NO_SIGNAL,75.53072625698326,SELL,1.02648564460514,NO_SIGNAL,107.5912408759124,NO_SIGNAL,1.1020405364445842
2009-09-23,42.88,1.3407257573963443,NO_SIGNAL,71.00840336134455,SELL,1.0261020989895577,NO_SIGNAL,100.91786302659449,SELL,0.8026665774820546
2009-09-24,42.22,1.3406340617861945,NO_SIGNAL,61.95773081201334,NO_SIGNAL,1.0242454886656724,NO_SIGNAL,98.6909770920991,NO_SIGNAL,0.6622175688135176
2009-09-25,41.54,1.3388336983350102,NO_SIGNAL,56.613756613756614,NO_SIGNAL,1.0212244898286396,NO_SIGNAL,97.12415244330137,BUY,0.5293694049849893
2009-09-28,42.64,1.339312382443876,NO_SIGNAL,60.42471042471043,NO_SIGNAL,1.020704792665869,NO_SIGNAL,100.58976173625855,SELL,0.7201087135406578
2009-09-29,42.71,1.33832648787952,NO_SIGNAL,59.52615992102665,NO_SIGNAL,1.0201889849655004,NO_SIGNAL,96.58525554047942,NO_SIGNAL,0.7160191514465605
2009-09-30,41.7,1.3388874511550004,NO_SIGNAL,53.46083788706742,NO_SIGNAL,1.0176405215912836,NO_SIGNAL,97.2481343283582,NO_SIGNAL,0.510315128733074
2009-10-01,39.37,1.3369801483858033,NO_SIGNAL,45.823575331772055,NO_SIGNAL,1.0110050409484816,NO_SIGNAL,93.24964471814306,NO_SIGNAL,0.028258003193142193
2009-10-02,39.88,1.3346264487484223,NO_SIGNAL,42.78647980214345,NO_SIGNAL,1.0066321307526425,NO_SIGNAL,96.00385170919597,NO_SIGNAL,0.13880154052018925
2009-10-05,41.73,1.334393784371403,NO_SIGNAL,52.34200743494422,NO_SIGNAL,1.006686574051586,NO_SIGNAL,97.86585365853657,BUY,0.4990551729211461
2009-10-06,42.79,1.3349963634507662,NO_SIGNAL,51.14329268292683,NO_SIGNAL,1.0086853590560598,NO_SIGNAL,100.18730976352141,NO_SIGNAL,0.700080389630662
2009-10-07,43.54,1.336174045038752,NO_SIGNAL,52.7982326951399,NO_SIGNAL,1.0115689564138135,NO_SIGNAL,104.4124700239808,NO_SIGNAL,0.8222684032854515
2009-10-08,43.16,1.3364698263341606,NO_SIGNAL,51.39784946236556,NO_SIGNAL,1.0129541031621485,NO_SIGNAL,109.62661925323852,NO_SIGNAL,0.7201983029216039
2009-10-09,43.68,1.3381292913876983,NO_SIGNAL,54.577714691270394,NO_SIGNAL,1.0148607660391675,NO_SIGNAL,109.5285857572718,NO_SIGNAL,0.7987401243882656
2009-10-12,43.9,1.338347788186395,NO_SIGNAL,48.717948717948715,NO_SIGNAL,1.0165798912869526,NO_SIGNAL,105.20009585430145,NO_SIGNAL,0.8096422548012151
2009-10-13,43.5,1.3388437823923982,NO_SIGNAL,52.68630849220103,NO_SIGNAL,1.0169734622584834,NO_SIGNAL,101.65926618368776,NO_SIGNAL,0.7064187931975737
2009-10-14,44.93,1.3390971820718434,NO_SIGNAL,61.00731112916328,NO_SIGNAL,1.0197372154076967,NO_SIGNAL,103.19246669728986,NO_SIGNAL,0.933566448927578
2009-10-15,44.93,1.339136131192964,NO_SIGNAL,64.57437661220979,NO_SIGNAL,1.0216435185662518,NO_SIGNAL,104.10101946246526,NO_SIGNAL,0.8854036399666934
2009-10-16,43.88,1.3378711400496626,NO_SIGNAL,55.35405872193438,NO_SIGNAL,1.0209375903732176,NO_SIGNAL,100.45787545787546,SELL,0.6891956315344657
2009-10-19,43.81,1.33714970441067,NO_SIGNAL,54.74956822107082,NO_SIGNAL,1.0200132456805844,NO_SIGNAL,99.79498861047837,BUY,0.6633183713167115
2009-10-20,43.85,1.333221277006353,NO_SIGNAL,60.13195098963241,NO_SIGNAL,1.019131611206973,NO_SIGNAL,100.80459770114942,SELL,0.6751737425502672
2009-10-21,42.54,1.329753367476559,NO_SIGNAL,66.52763295099062,NO_SIGNAL,1.0158159915099958,NO_SIGNAL,94.68061428889384,NO_SIGNAL,0.4527244673856315
2009-10-22,43.55,1.3283305841445379,NO_SIGNAL,68.18632309217045,NO_SIGNAL,1.014897208432781,NO_SIGNAL,96.92855553082572,NO_SIGNAL,0.6147829827406422
2009-10-23,43.09,1.3271812806238144,NO_SIGNAL,57.81609195402304,NO_SIGNAL,1.0131607722961253,NO_SIGNAL,98.1996353691887,NO_SIGNAL,0.5230359242495869
2009-10-26,41.75,1.3223095932113562,NO_SIGNAL,44.209354120267264,NO_SIGNAL,1.009176357890348,NO_SIGNAL,95.29787719698697,NO_SIGNAL,0.29865832871537634
2009-10-27,41.82,1.3172469630651573,NO_SIGNAL,39.63855421686747,NO_SIGNAL,1.0060714079889288,NO_SIGNAL,95.37058152793614,NO_SIGNAL,0.3209541311536639
2009-10-28,40.66,1.3124894631170778,NO_SIGNAL,36.23348017621145,NO_SIGNAL,1.0013941222228995,NO_SIGNAL,95.58062999529854,NO_SIGNAL,0.14668516188288036
2009-10-29,42.25,1.3133466924065742,NO_SIGNAL,42.95566502463054,NO_SIGNAL,1.0006806812606215,SELL,97.01492537313433,NO_SIGNAL,0.36352273191012796
2009-10-30,39.8,1.3098788244692852,NO_SIGNAL,33.44103392568658,NO_SIGNAL,0.9954932555983601,NO_SIGNAL,92.36481782316082,NO_SIGNAL,-0.10070900950786117
2009-11-02,40.57,1.3043458431957384,NO_SIGNAL,38.50980392156863,NO_SIGNAL,0.9929086610649521,NO_SIGNAL,97.17365269461078,NO_SIGNAL,0.0822797869834388
2009-11-03,40.68,1.2965024774559837,NO_SIGNAL,31.408573928258974,NO_SIGNAL,0.9911601895564497,NO_SIGNAL,97.27403156384506,NO_SIGNAL,0.14291829496152475
2009-11-04,40.21,1.2878005159902604,NO_SIGNAL,30.16806722689077,NO_SIGNAL,0.9889782823730905,NO_SIGNAL,98.89326119035908,NO_SIGNAL,0.11650704213288887
2009-11-05,41.8,1.281894891245254,NO_SIGNAL,41.63987138263664,NO_SIGNAL,0.990440576559247,NO_SIGNAL,98.93491124260353,BUY,0.3798584863254677
2009-11-06,41.42,1.2749603517877741,NO_SIGNAL,40.62745098039216,NO_SIGNAL,0.9909659254822596,NO_SIGNAL,104.07035175879398,NO_SIGNAL,0.33729064522531926
2009-11-09,42.25,1.268859779830088,NO_SIGNAL,44.09158050221565,NO_SIGNAL,0.9930726974219106,NO_SIGNAL,104.14099087996055,NO_SIGNAL,0.48142072543682135
2009-11-10,42.08,1.2632693536921213,NO_SIGNAL,48.14516129032257,NO_SIGNAL,0.9944756596945241,NO_SIGNAL,103.44149459193706,NO_SIGNAL,0.46484249740619343
2009-11-11,42.23,1.2562370844488941,NO_SIGNAL,44.280762564991335,NO_SIGNAL,0.9959238333998974,NO_SIGNAL,105.02362596369062,SELL,0.5129001249904974
2009-11-12,41.25,1.2475702184574229,NO_SIGNAL,42.37147595356549,NO_SIGNAL,0.9952326797540825,NO_SIGNAL,98.6842105263158,NO_SIGNAL,0.3532590908560947
2009-11-13,40.87,1.2400250827567907,NO_SIGNAL,46.03603603603603,NO_SIGNAL,0.9940149575316354,NO_SIGNAL,98.67213906325446,NO_SIGNAL,0.29644391845564566
2009-11-16,41.01,1.232747479586797,NO_SIGNAL,46.37421665174574,NO_SIGNAL,0.993393539581186,NO_SIGNAL,97.06508875739644,NO_SIGNAL,0.3448474641618477
2009-11-17,41.12,1.2253929677972124,NO_SIGNAL,52.27272727272727,NO_SIGNAL,0.9931911454860176,NO_SIGNAL,97.71863117870723,NO_SIGNAL,0.38915563369804457
2009-11-18,41.33,1.2202740741394373,NO_SIGNAL,44.73684210526314,NO_SIGNAL,0.9935133159315791,NO_SIGNAL,97.86881363959272,NO_SIGNAL,0.4580747968561177
2009-11-19,40.54,1.2127688913403198,NO_SIGNAL,55.225988700565,NO_SIGNAL,0.9923156392972222,NO_SIGNAL,98.27878787878788,NO_SIGNAL,0.25777867097526885
2009-11-20,40.45,1.2063761140193703,NO_SIGNAL,49.062500000000014,NO_SIGNAL,0.9912847969387794,NO_SIGNAL,98.9723513579643,BUY,0.24259908399147795
2009-11-23,41.23,1.2029118655307043,NO_SIGNAL,53.88967468175388,NO_SIGNAL,0.9920837936426453,NO_SIGNAL,100.536454523287,SELL,0.5178429889442664
2009-11-24,40.47,1.1979445159165973,NO_SIGNAL,51.766304347826086,NO_SIGNAL,0.9913263624829894,NO_SIGNAL,98.41926070038912,NO_SIGNAL,0.2779078420854039
2009-11-25,40.17,1.1945468897414018,NO_SIGNAL,36.57331136738055,NO_SIGNAL,0.99024351340463,NO_SIGNAL,97.19332204210018,NO_SIGNAL,0.19269115092416003
2009-11-27,39.38,1.1878640178137534,NO_SIGNAL,34.259259259259224,NO_SIGNAL,0.9879544270201273,NO_SIGNAL,97.13862851504688,BUY,0.0022366329413020737
2009-11-30,40.48,1.1859155704055069,NO_SIGNAL,36.88888888888882,NO_SIGNAL,0.9884414347564243,NO_SIGNAL,100.07416563658838,SELL,0.33359931786745234
2009-12-01,40.22,1.1820411814784353,NO_SIGNAL,36.40350877192978,NO_SIGNAL,0.9884433942460303,NO_SIGNAL,97.55032743148193,NO_SIGNAL,0.2569680372251393
2009-12-02,39.95,1.1776657050152164,NO_SIGNAL,33.6206896551724,NO_SIGNAL,0.9880429353334854,NO_SIGNAL,98.71509760316285,NO_SIGNAL,0.19275018001481017
2009-12-03,39.44,1.1731984647942895,NO_SIGNAL,36.05546995377498,NO_SIGNAL,0.986854229819078,NO_SIGNAL,98.18272342544186,BUY,0.07269329161559708
2009-12-04,39.77,1.166788734650905,NO_SIGNAL,41.45962732919257,NO_SIGNAL,0.9867167190345559,NO_SIGNAL,100.99035043169123,SELL,0.2024997355836064
2009-12-07,39.3,1.160305387060842,NO_SIGNAL,37.370753323485935,NO_SIGNAL,0.9858232951863312,NO_SIGNAL,97.08498023715416,NO_SIGNAL,0.11683991807077813
2009-12-08,39.26,1.1528642036767056,NO_SIGNAL,36.11940298507461,NO_SIGNAL,0.9851964385109949,NO_SIGNAL,97.61312779711587,NO_SIGNAL,0.13631254685443406
2009-12-09,39.24,1.1457887076593969,NO_SIGNAL,33.94777265745007,NO_SIGNAL,0.9848265436875382,NO_SIGNAL,98.22277847309137,NO_SIGNAL,0.1572999537747918
2009-12-10,39.32,1.1388399907172089,NO_SIGNAL,39.48275862068963,NO_SIGNAL,0.9848636945399668,NO_SIGNAL,99.69574036511158,NO_SIGNAL,0.19174142076135894
2009-12-11,39.02,1.1329029853801211,NO_SIGNAL,38.10316139767052,NO_SIGNAL,0.9844588692008562,NO_SIGNAL,98.11415639929595,BUY,0.13237939134070942
2009-12-14,39.8,1.1282503181342134,NO_SIGNAL,38.10316139767052,NO_SIGNAL,0.9858806342484608,NO_SIGNAL,101.27226463104326,SELL,0.4066154204288646
2009-12-15,38.93,1.1223206213182235,NO_SIGNAL,37.418300653594734,NO_SIGNAL,0.985406519830955,NO_SIGNAL,99.15944982170149,BUY,0.1502215005079724
2009-12-16,39.41,1.1166122155313114,NO_SIGNAL,43.96825396825391,NO_SIGNAL,0.9861630664890688,NO_SIGNAL,100.43323139653413,SELL,0.33069330150959086
2009-12-17,38.37,1.108957614726008,NO_SIGNAL,42.29007633587781,NO_SIGNAL,0.9848115481962548,NO_SIGNAL,97.58392675483213,NO_SIGNAL,0.007053086535136615
2009-12-18,39.01,1.1031438528956101,NO_SIGNAL,37.931034482758605,NO_SIGNAL,0.985211579915188,NO_SIGNAL,99.97437211686314,BUY,0.26229815144888574
2009-12-21,39.92,1.0986115769370428,NO_SIGNAL,47.77448071216619,NO_SIGNAL,0.9875347551120734,NO_SIGNAL,100.30150753768845,NO_SIGNAL,0.6077469854993157
2009-12-22,39.96,1.093598863592397,NO_SIGNAL,50.07680491551458,NO_SIGNAL,0.9895776253302415,NO_SIGNAL,102.64577446699204,NO_SIGNAL,0.6757559997280145
2009-12-23,39.6,1.089348485412197,NO_SIGNAL,51.25786163522015,NO_SIGNAL,0.9905708164108418,NO_SIGNAL,100.48211113930476,NO_SIGNAL,0.5354315659947709
2009-12-24,39.91,1.086310771561198,NO_SIGNAL,51.10410094637219,NO_SIGNAL,0.9920815317030472,NO_SIGNAL,104.0135522543654,NO_SIGNAL,0.6987547869701233
2009-12-28,39.75,1.0842529219537014,NO_SIGNAL,53.731343283582135,NO_SIGNAL,0.9930332280808004,NO_SIGNAL,101.89694950012817,SELL,0.6086990442808654
2009-12-29,39.53,1.0803382837380846,NO_SIGNAL,52.1739130434783,NO_SIGNAL,0.993415439300019,NO_SIGNAL,99.02304609218436,NO_SIGNAL,0.5249067693467466
2009-12-30,39.57,1.0771326697208132,NO_SIGNAL,52.64847512038523,NO_SIGNAL,0.9938703256013002,NO_SIGNAL,99.02402402402403,BUY,0.5708625152502702
2009-12-31,39.7,1.0747389145111077,NO_SIGNAL,53.025477707006395,NO_SIGNAL,0.9945583371142777,NO_SIGNAL,100.25252525252526,NO_SIGNAL,0.6619719915160254
